[
  {
    "email": "jalal.fassi1@email.com",
    "password": "12345678",
    "id": 7
  },
  {
    "email": "ghita.tounsi2@email.com",
    "password": "12345678",
    "id": 8
  },
  {
    "email": "mustapha.chraibi3@email.com",
    "password": "12345678",
    "id": 9
  },
  {
    "email": "khadija.amrani4@email.com",
    "password": "12345678",
    "id": 10
  },
  {
    "email": "soufiane.chraibi5@email.com",
    "password": "12345678",
    "id": 11
  },
  {
    "email": "laila.jaidi6@email.com",
    "password": "12345678",
    "id": 12
  },
  {
    "email": "abdellah.tounsi7@email.com",
    "password": "12345678",
    "id": 13
  },
  {
    "email": "salima.hassani8@email.com",
    "password": "12345678",
    "id": 14
  },
  {
    "email": "othman.bennis9@email.com",
    "password": "12345678",
    "id": 15
  },
  {
    "email": "salima.idrissi10@email.com",
    "password": "12345678",
    "id": 16
  },
  {
    "email": "tarik.berrada11@email.com",
    "password": "12345678",
    "id": 17
  },
  {
    "email": "jihane.lahlou12@email.com",
    "password": "12345678",
    "id": 18
  },
  {
    "email": "ilyas.hilali13@email.com",
    "password": "12345678",
    "id": 19
  },
  {
    "email": "zineb.elamrani14@email.com",
    "password": "12345678",
    "id": 20
  },
  {
    "email": "jamal.skalli15@email.com",
    "password": "12345678",
    "id": 21
  },
  {
    "email": "loubna.kadiri16@email.com",
    "password": "12345678",
    "id": 22
  },
  {
    "email": "ilyas.kadiri17@email.com",
    "password": "12345678",
    "id": 23
  },
  {
    "email": "leila.kettani18@email.com",
    "password": "12345678",
    "id": 24
  },
  {
    "email": "abdelilah.tounsi19@email.com",
    "password": "12345678",
    "id": 25
  },
  {
    "email": "ghita.zahraoui20@email.com",
    "password": "12345678",
    "id": 26
  },
  {
    "email": "karim.chakir21@email.com",
    "password": "12345678",
    "id": 27
  },
  {
    "email": "dounia.ouardi22@email.com",
    "password": "12345678",
    "id": 28
  },
  {
    "email": "omar.bennis23@email.com",
    "password": "12345678",
    "id": 29
  },
  {
    "email": "houda.naciri24@email.com",
    "password": "12345678",
    "id": 30
  },
  {
    "email": "hamid.lazrak25@email.com",
    "password": "12345678",
    "id": 31
  },
  {
    "email": "rim.sqalli26@email.com",
    "password": "12345678",
    "id": 32
  },
  {
    "email": "soufiane.bouhsine27@email.com",
    "password": "12345678",
    "id": 33
  },
  {
    "email": "samia.lazrak28@email.com",
    "password": "12345678",
    "id": 34
  },
  {
    "email": "amine.benslimane29@email.com",
    "password": "12345678",
    "id": 35
  },
  {
    "email": "hasna.bekkali30@email.com",
    "password": "12345678",
    "id": 36
  },
  {
    "email": "abdellah.kadiri31@email.com",
    "password": "12345678",
    "id": 37
  },
  {
    "email": "jihane.naciri32@email.com",
    "password": "12345678",
    "id": 38
  },
  {
    "email": "abdellah.zaari33@email.com",
    "password": "12345678",
    "id": 39
  },
  {
    "email": "loubna.tahiri34@email.com",
    "password": "12345678",
    "id": 40
  },
  {
    "email": "anass.sefiani35@email.com",
    "password": "12345678",
    "id": 41
  },
  {
    "email": "ghita.jaidi36@email.com",
    "password": "12345678",
    "id": 42
  },
  {
    "email": "hamid.bouabid37@email.com",
    "password": "12345678",
    "id": 43
  },
  {
    "email": "houria.berrada38@email.com",
    "password": "12345678",
    "id": 44
  },
  {
    "email": "zakaria.mrani39@email.com",
    "password": "12345678",
    "id": 45
  },
  {
    "email": "imane.lamrani40@email.com",
    "password": "12345678",
    "id": 46
  },
  {
    "email": "omar.berrada41@email.com",
    "password": "12345678",
    "id": 47
  },
  {
    "email": "leila.bensaid42@email.com",
    "password": "12345678",
    "id": 48
  },
  {
    "email": "nabil.lamrani43@email.com",
    "password": "12345678",
    "id": 49
  },
  {
    "email": "sara.skalli44@email.com",
    "password": "12345678",
    "id": 50
  },
  {
    "email": "ayoub.bouhsine45@email.com",
    "password": "12345678",
    "id": 51
  },
  {
    "email": "houda.tounsi46@email.com",
    "password": "12345678",
    "id": 52
  },
  {
    "email": "soufiane.sefiani47@email.com",
    "password": "12345678",
    "id": 53
  },
  {
    "email": "lamiae.ouardi48@email.com",
    "password": "12345678",
    "id": 54
  },
  {
    "email": "ismail.benslimane49@email.com",
    "password": "12345678",
    "id": 55
  },
  {
    "email": "nadia.bouziane50@email.com",
    "password": "12345678",
    "id": 56
  },
  {
    "email": "anass.fassi51@email.com",
    "password": "12345678",
    "id": 57
  },
  {
    "email": "salma.berrada52@email.com",
    "password": "12345678",
    "id": 58
  },
  {
    "email": "badr.bouchentouf53@email.com",
    "password": "12345678",
    "id": 59
  },
  {
    "email": "zineb.raji54@email.com",
    "password": "12345678",
    "id": 60
  },
  {
    "email": "hamza.tazi55@email.com",
    "password": "12345678",
    "id": 61
  },
  {
    "email": "samira.hajji56@email.com",
    "password": "12345678",
    "id": 62
  },
  {
    "email": "ismail.tazi57@email.com",
    "password": "12345678",
    "id": 63
  },
  {
    "email": "sara.jilali58@email.com",
    "password": "12345678",
    "id": 64
  },
  {
    "email": "hicham.sefiani59@email.com",
    "password": "12345678",
    "id": 65
  },
  {
    "email": "meryem.semlali60@email.com",
    "password": "12345678",
    "id": 66
  },
  {
    "email": "saad.hajji61@email.com",
    "password": "12345678",
    "id": 67
  },
  {
    "email": "imane.sabri62@email.com",
    "password": "12345678",
    "id": 68
  },
  {
    "email": "bilal.tahiri63@email.com",
    "password": "12345678",
    "id": 69
  },
  {
    "email": "hanae.bensaid64@email.com",
    "password": "12345678",
    "id": 70
  },
  {
    "email": "karim.kabbaj65@email.com",
    "password": "12345678",
    "id": 71
  },
  {
    "email": "ibtissam.amrani66@email.com",
    "password": "12345678",
    "id": 72
  },
  {
    "email": "nabil.kabbaj67@email.com",
    "password": "12345678",
    "id": 73
  },
  {
    "email": "ibtissam.semlali68@email.com",
    "password": "12345678",
    "id": 74
  },
  {
    "email": "rachid.slaoui69@email.com",
    "password": "12345678",
    "id": 75
  },
  {
    "email": "soukaina.drissi70@email.com",
    "password": "12345678",
    "id": 76
  },
  {
    "email": "karim.bennis71@email.com",
    "password": "12345678",
    "id": 77
  },
  {
    "email": "salma.berrada72@email.com",
    "password": "12345678",
    "id": 78
  },
  {
    "email": "hamid.idrissi73@email.com",
    "password": "12345678",
    "id": 79
  },
  {
    "email": "malika.chraibi74@email.com",
    "password": "12345678",
    "id": 80
  },
  {
    "email": "rachid.drissi75@email.com",
    "password": "12345678",
    "id": 81
  },
  {
    "email": "malika.jilali76@email.com",
    "password": "12345678",
    "id": 82
  },
  {
    "email": "badr.elamrani77@email.com",
    "password": "12345678",
    "id": 83
  },
  {
    "email": "samia.bennis78@email.com",
    "password": "12345678",
    "id": 84
  },
  {
    "email": "abdelilah.kettani79@email.com",
    "password": "12345678",
    "id": 85
  },
  {
    "email": "imane.elamrani80@email.com",
    "password": "12345678",
    "id": 86
  },
  {
    "email": "omar.mrani81@email.com",
    "password": "12345678",
    "id": 87
  },
  {
    "email": "ibtissam.bouziane82@email.com",
    "password": "12345678",
    "id": 88
  },
  {
    "email": "youssef.fassi83@email.com",
    "password": "12345678",
    "id": 89
  },
  {
    "email": "amina.lamrani84@email.com",
    "password": "12345678",
    "id": 90
  },
  {
    "email": "mohammed.tounsi85@email.com",
    "password": "12345678",
    "id": 91
  },
  {
    "email": "kenza.benslimane86@email.com",
    "password": "12345678",
    "id": 92
  },
  {
    "email": "adil.alami87@email.com",
    "password": "12345678",
    "id": 93
  },
  {
    "email": "dounia.bennis88@email.com",
    "password": "12345678",
    "id": 94
  },
  {
    "email": "ismail.slaoui89@email.com",
    "password": "12345678",
    "id": 95
  },
  {
    "email": "sara.slaoui90@email.com",
    "password": "12345678",
    "id": 96
  },
  {
    "email": "adil.ouazzani91@email.com",
    "password": "12345678",
    "id": 97
  },
  {
    "email": "nadia.sefiani92@email.com",
    "password": "12345678",
    "id": 98
  },
  {
    "email": "soufiane.mrani93@email.com",
    "password": "12345678",
    "id": 99
  },
  {
    "email": "hasna.tounsi94@email.com",
    "password": "12345678",
    "id": 100
  },
  {
    "email": "yassine.naciri95@email.com",
    "password": "12345678",
    "id": 101
  },
  {
    "email": "loubna.ghazali96@email.com",
    "password": "12345678",
    "id": 102
  },
  {
    "email": "saad.bouchentouf97@email.com",
    "password": "12345678",
    "id": 103
  },
  {
    "email": "btissam.benjelloun98@email.com",
    "password": "12345678",
    "id": 104
  },
  {
    "email": "ayoub.belghazi99@email.com",
    "password": "12345678",
    "id": 105
  },
  {
    "email": "hanane.tahiri100@email.com",
    "password": "12345678",
    "id": 106
  },
  {
    "email": "adil.bekkali101@email.com",
    "password": "12345678",
    "id": 107
  },
  {
    "email": "loubna.filali102@email.com",
    "password": "12345678",
    "id": 108
  },
  {
    "email": "saad.elamrani103@email.com",
    "password": "12345678",
    "id": 109
  },
  {
    "email": "imane.hilali104@email.com",
    "password": "12345678",
    "id": 110
  },
  {
    "email": "aziz.berrada105@email.com",
    "password": "12345678",
    "id": 111
  },
  {
    "email": "loubna.alaoui106@email.com",
    "password": "12345678",
    "id": 112
  },
  {
    "email": "jamal.tounsi107@email.com",
    "password": "12345678",
    "id": 113
  },
  {
    "email": "sara.hilali108@email.com",
    "password": "12345678",
    "id": 114
  },
  {
    "email": "omar.lazrak109@email.com",
    "password": "12345678",
    "id": 115
  },
  {
    "email": "leila.kabbaj110@email.com",
    "password": "12345678",
    "id": 116
  },
  {
    "email": "bilal.alami111@email.com",
    "password": "12345678",
    "id": 117
  },
  {
    "email": "amina.nejjar112@email.com",
    "password": "12345678",
    "id": 118
  },
  {
    "email": "aziz.benabdallah113@email.com",
    "password": "12345678",
    "id": 119
  },
  {
    "email": "hanane.lahlou114@email.com",
    "password": "12345678",
    "id": 120
  },
  {
    "email": "mehdi.skalli115@email.com",
    "password": "12345678",
    "id": 121
  },
  {
    "email": "leila.alami116@email.com",
    "password": "12345678",
    "id": 122
  },
  {
    "email": "nabil.lazaar117@email.com",
    "password": "12345678",
    "id": 123
  },
  {
    "email": "sara.chakir118@email.com",
    "password": "12345678",
    "id": 124
  },
  {
    "email": "driss.ouardi119@email.com",
    "password": "12345678",
    "id": 125
  },
  {
    "email": "salma.idrissi120@email.com",
    "password": "12345678",
    "id": 126
  },
  {
    "email": "nabil.berrada121@email.com",
    "password": "12345678",
    "id": 127
  },
  {
    "email": "chaimae.tazi122@email.com",
    "password": "12345678",
    "id": 128
  },
  {
    "email": "othman.hajji123@email.com",
    "password": "12345678",
    "id": 129
  },
  {
    "email": "fatima.ghazali124@email.com",
    "password": "12345678",
    "id": 130
  },
  {
    "email": "saad.ghazali125@email.com",
    "password": "12345678",
    "id": 131
  },
  {
    "email": "zineb.benslimane126@email.com",
    "password": "12345678",
    "id": 132
  },
  {
    "email": "mohammed.fassi127@email.com",
    "password": "12345678",
    "id": 133
  },
  {
    "email": "hanae.benjelloun128@email.com",
    "password": "12345678",
    "id": 134
  },
  {
    "email": "khalid.tounsi129@email.com",
    "password": "12345678",
    "id": 135
  },
  {
    "email": "houda.tahiri130@email.com",
    "password": "12345678",
    "id": 136
  },
  {
    "email": "saad.tounsi131@email.com",
    "password": "12345678",
    "id": 137
  },
  {
    "email": "amina.ouazzani132@email.com",
    "password": "12345678",
    "id": 138
  },
  {
    "email": "ilyas.benjelloun133@email.com",
    "password": "12345678",
    "id": 139
  },
  {
    "email": "nadia.moussaoui134@email.com",
    "password": "12345678",
    "id": 140
  },
  {
    "email": "tarik.ghazali135@email.com",
    "password": "12345678",
    "id": 141
  },
  {
    "email": "zineb.hajji136@email.com",
    "password": "12345678",
    "id": 142
  },
  {
    "email": "ayoub.ouazzani137@email.com",
    "password": "12345678",
    "id": 143
  },
  {
    "email": "soukaina.lazaar138@email.com",
    "password": "12345678",
    "id": 144
  },
  {
    "email": "ismail.kadiri139@email.com",
    "password": "12345678",
    "id": 145
  },
  {
    "email": "zineb.sefiani140@email.com",
    "password": "12345678",
    "id": 146
  },
  {
    "email": "khalid.sekkat141@email.com",
    "password": "12345678",
    "id": 147
  },
  {
    "email": "hafsa.elharrak142@email.com",
    "password": "12345678",
    "id": 148
  },
  {
    "email": "abderrahim.bennani143@email.com",
    "password": "12345678",
    "id": 149
  },
  {
    "email": "salma.benjelloun144@email.com",
    "password": "12345678",
    "id": 150
  },
  {
    "email": "fouad.zahraoui145@email.com",
    "password": "12345678",
    "id": 151
  },
  {
    "email": "zineb.nejjar146@email.com",
    "password": "12345678",
    "id": 152
  },
  {
    "email": "mourad.hassani147@email.com",
    "password": "12345678",
    "id": 153
  },
  {
    "email": "lamiae.ghazali148@email.com",
    "password": "12345678",
    "id": 154
  },
  {
    "email": "amine.elharrak149@email.com",
    "password": "12345678",
    "id": 155
  },
  {
    "email": "meryem.fassi150@email.com",
    "password": "12345678",
    "id": 156
  },
  {
    "email": "mehdi.bouabid151@email.com",
    "password": "12345678",
    "id": 157
  },
  {
    "email": "nadia.tazi152@email.com",
    "password": "12345678",
    "id": 158
  },
  {
    "email": "mohammed.benslimane153@email.com",
    "password": "12345678",
    "id": 159
  },
  {
    "email": "loubna.idrissi154@email.com",
    "password": "12345678",
    "id": 160
  },
  {
    "email": "mourad.moussaoui155@email.com",
    "password": "12345678",
    "id": 161
  },
  {
    "email": "lamiae.bennani156@email.com",
    "password": "12345678",
    "id": 162
  },
  {
    "email": "oussama.bouabid157@email.com",
    "password": "12345678",
    "id": 163
  },
  {
    "email": "meriem.elamrani158@email.com",
    "password": "12345678",
    "id": 164
  },
  {
    "email": "walid.zaki159@email.com",
    "password": "12345678",
    "id": 165
  },
  {
    "email": "hafsa.ouazzani160@email.com",
    "password": "12345678",
    "id": 166
  },
  {
    "email": "badr.filali161@email.com",
    "password": "12345678",
    "id": 167
  },
  {
    "email": "hafsa.bekkali162@email.com",
    "password": "12345678",
    "id": 168
  },
  {
    "email": "abdelilah.ghazali163@email.com",
    "password": "12345678",
    "id": 169
  },
  {
    "email": "hasna.nejjar164@email.com",
    "password": "12345678",
    "id": 170
  },
  {
    "email": "khalid.slimani165@email.com",
    "password": "12345678",
    "id": 171
  },
  {
    "email": "siham.ouazzani166@email.com",
    "password": "12345678",
    "id": 172
  },
  {
    "email": "jalal.bouziane167@email.com",
    "password": "12345678",
    "id": 173
  },
  {
    "email": "wafa.drissi168@email.com",
    "password": "12345678",
    "id": 174
  },
  {
    "email": "tarik.nejjar169@email.com",
    "password": "12345678",
    "id": 175
  },
  {
    "email": "leila.hassani170@email.com",
    "password": "12345678",
    "id": 176
  },
  {
    "email": "bilal.chafi171@email.com",
    "password": "12345678",
    "id": 177
  },
  {
    "email": "malika.jilali172@email.com",
    "password": "12345678",
    "id": 178
  },
  {
    "email": "othman.elharrak173@email.com",
    "password": "12345678",
    "id": 179
  },
  {
    "email": "zineb.lemrani174@email.com",
    "password": "12345678",
    "id": 180
  },
  {
    "email": "walid.bensaid175@email.com",
    "password": "12345678",
    "id": 181
  },
  {
    "email": "chaimae.ouahabi176@email.com",
    "password": "12345678",
    "id": 182
  },
  {
    "email": "soufiane.bouabid177@email.com",
    "password": "12345678",
    "id": 183
  },
  {
    "email": "naoual.naciri178@email.com",
    "password": "12345678",
    "id": 184
  },
  {
    "email": "oussama.mrani179@email.com",
    "password": "12345678",
    "id": 185
  },
  {
    "email": "samira.tazi180@email.com",
    "password": "12345678",
    "id": 186
  },
  {
    "email": "ilyas.bouabid181@email.com",
    "password": "12345678",
    "id": 187
  },
  {
    "email": "hanae.berrada182@email.com",
    "password": "12345678",
    "id": 188
  },
  {
    "email": "tarik.elamrani183@email.com",
    "password": "12345678",
    "id": 189
  },
  {
    "email": "ibtissam.lazrak184@email.com",
    "password": "12345678",
    "id": 190
  },
  {
    "email": "adil.mansouri185@email.com",
    "password": "12345678",
    "id": 191
  },
  {
    "email": "meriem.sekkat186@email.com",
    "password": "12345678",
    "id": 192
  },
  {
    "email": "soufiane.raji187@email.com",
    "password": "12345678",
    "id": 193
  },
  {
    "email": "jihane.bennis188@email.com",
    "password": "12345678",
    "id": 194
  },
  {
    "email": "fouad.drissi189@email.com",
    "password": "12345678",
    "id": 195
  },
  {
    "email": "hasna.jilali190@email.com",
    "password": "12345678",
    "id": 196
  },
  {
    "email": "rachid.ouazzani191@email.com",
    "password": "12345678",
    "id": 197
  },
  {
    "email": "meryem.kettani192@email.com",
    "password": "12345678",
    "id": 198
  },
  {
    "email": "walid.bennani193@email.com",
    "password": "12345678",
    "id": 199
  },
  {
    "email": "jihane.tounsi194@email.com",
    "password": "12345678",
    "id": 200
  },
  {
    "email": "omar.mansouri195@email.com",
    "password": "12345678",
    "id": 201
  },
  {
    "email": "lamiae.zaki196@email.com",
    "password": "12345678",
    "id": 202
  },
  {
    "email": "othman.tazi197@email.com",
    "password": "12345678",
    "id": 203
  },
  {
    "email": "meriem.alaoui198@email.com",
    "password": "12345678",
    "id": 204
  },
  {
    "email": "amine.alami199@email.com",
    "password": "12345678",
    "id": 205
  },
  {
    "email": "ghita.elamrani200@email.com",
    "password": "12345678",
    "id": 206
  },
  {
    "email": "karim.sqalli201@email.com",
    "password": "12345678",
    "id": 207
  },
  {
    "email": "karima.zaki202@email.com",
    "password": "12345678",
    "id": 208
  },
  {
    "email": "driss.kabbaj203@email.com",
    "password": "12345678",
    "id": 209
  },
  {
    "email": "hasna.sefiani204@email.com",
    "password": "12345678",
    "id": 210
  },
  {
    "email": "othman.bekkali205@email.com",
    "password": "12345678",
    "id": 211
  },
  {
    "email": "samira.sefiani206@email.com",
    "password": "12345678",
    "id": 212
  },
  {
    "email": "jalal.semlali207@email.com",
    "password": "12345678",
    "id": 213
  },
  {
    "email": "meriem.ouazzani208@email.com",
    "password": "12345678",
    "id": 214
  },
  {
    "email": "badr.berrada209@email.com",
    "password": "12345678",
    "id": 215
  },
  {
    "email": "sanae.bouchentouf210@email.com",
    "password": "12345678",
    "id": 216
  },
  {
    "email": "tarik.jaidi211@email.com",
    "password": "12345678",
    "id": 217
  },
  {
    "email": "leila.alami212@email.com",
    "password": "12345678",
    "id": 218
  },
  {
    "email": "nabil.ouardi213@email.com",
    "password": "12345678",
    "id": 219
  },
  {
    "email": "samira.benslimane214@email.com",
    "password": "12345678",
    "id": 220
  },
  {
    "email": "hassan.elamrani215@email.com",
    "password": "12345678",
    "id": 221
  },
  {
    "email": "asmae.elamrani216@email.com",
    "password": "12345678",
    "id": 222
  },
  {
    "email": "aziz.elamrani217@email.com",
    "password": "12345678",
    "id": 223
  },
  {
    "email": "loubna.hajji218@email.com",
    "password": "12345678",
    "id": 224
  },
  {
    "email": "reda.benjelloun219@email.com",
    "password": "12345678",
    "id": 225
  },
  {
    "email": "loubna.alaoui220@email.com",
    "password": "12345678",
    "id": 226
  },
  {
    "email": "ilyas.benabdallah221@email.com",
    "password": "12345678",
    "id": 227
  },
  {
    "email": "karima.chraibi222@email.com",
    "password": "12345678",
    "id": 228
  },
  {
    "email": "hamid.amrani223@email.com",
    "password": "12345678",
    "id": 229
  },
  {
    "email": "meryem.zahraoui224@email.com",
    "password": "12345678",
    "id": 230
  },
  {
    "email": "hassan.bensaid225@email.com",
    "password": "12345678",
    "id": 231
  },
  {
    "email": "ghita.fassi226@email.com",
    "password": "12345678",
    "id": 232
  },
  {
    "email": "reda.lahlou227@email.com",
    "password": "12345678",
    "id": 233
  },
  {
    "email": "houda.mrani228@email.com",
    "password": "12345678",
    "id": 234
  },
  {
    "email": "nabil.mrani229@email.com",
    "password": "12345678",
    "id": 235
  },
  {
    "email": "houria.moutaouakil230@email.com",
    "password": "12345678",
    "id": 236
  },
  {
    "email": "saad.kettani231@email.com",
    "password": "12345678",
    "id": 237
  },
  {
    "email": "meriem.tounsi232@email.com",
    "password": "12345678",
    "id": 238
  },
  {
    "email": "mehdi.naciri233@email.com",
    "password": "12345678",
    "id": 239
  },
  {
    "email": "hafsa.chraibi234@email.com",
    "password": "12345678",
    "id": 240
  },
  {
    "email": "jamal.idrissi235@email.com",
    "password": "12345678",
    "id": 241
  },
  {
    "email": "dounia.mansouri236@email.com",
    "password": "12345678",
    "id": 242
  },
  {
    "email": "mohammed.ouahabi237@email.com",
    "password": "12345678",
    "id": 243
  },
  {
    "email": "naoual.fassi238@email.com",
    "password": "12345678",
    "id": 244
  },
  {
    "email": "mustapha.slaoui239@email.com",
    "password": "12345678",
    "id": 245
  },
  {
    "email": "dounia.amrani240@email.com",
    "password": "12345678",
    "id": 246
  },
  {
    "email": "said.lamrani241@email.com",
    "password": "12345678",
    "id": 247
  },
  {
    "email": "amina.bouabid242@email.com",
    "password": "12345678",
    "id": 248
  },
  {
    "email": "fouad.bouhsine243@email.com",
    "password": "12345678",
    "id": 249
  },
  {
    "email": "meryem.sekkat244@email.com",
    "password": "12345678",
    "id": 250
  },
  {
    "email": "yassine.idrissi245@email.com",
    "password": "12345678",
    "id": 251
  },
  {
    "email": "asmae.slimani246@email.com",
    "password": "12345678",
    "id": 252
  },
  {
    "email": "abderrahim.ouardi247@email.com",
    "password": "12345678",
    "id": 253
  },
  {
    "email": "houda.zaari248@email.com",
    "password": "12345678",
    "id": 254
  },
  {
    "email": "ismail.sabri249@email.com",
    "password": "12345678",
    "id": 255
  },
  {
    "email": "hasna.hajji250@email.com",
    "password": "12345678",
    "id": 256
  },
  {
    "email": "khalid.lazaar251@email.com",
    "password": "12345678",
    "id": 257
  },
  {
    "email": "samira.elamrani252@email.com",
    "password": "12345678",
    "id": 258
  },
  {
    "email": "omar.lazaar253@email.com",
    "password": "12345678",
    "id": 259
  },
  {
    "email": "salima.elamrani254@email.com",
    "password": "12345678",
    "id": 260
  },
  {
    "email": "mehdi.bekkali255@email.com",
    "password": "12345678",
    "id": 261
  },
  {
    "email": "houria.lemrani256@email.com",
    "password": "12345678",
    "id": 262
  },
  {
    "email": "amine.skalli257@email.com",
    "password": "12345678",
    "id": 263
  },
  {
    "email": "nadia.chraibi258@email.com",
    "password": "12345678",
    "id": 264
  },
  {
    "email": "hamid.bouziane259@email.com",
    "password": "12345678",
    "id": 265
  },
  {
    "email": "hasna.sekkat260@email.com",
    "password": "12345678",
    "id": 266
  },
  {
    "email": "soufiane.ouazzani261@email.com",
    "password": "12345678",
    "id": 267
  },
  {
    "email": "karima.moussaoui262@email.com",
    "password": "12345678",
    "id": 268
  },
  {
    "email": "anass.lemrani263@email.com",
    "password": "12345678",
    "id": 269
  },
  {
    "email": "hanane.bouhsine264@email.com",
    "password": "12345678",
    "id": 270
  },
  {
    "email": "badr.bekkali265@email.com",
    "password": "12345678",
    "id": 271
  },
  {
    "email": "hafsa.slaoui266@email.com",
    "password": "12345678",
    "id": 272
  },
  {
    "email": "walid.slaoui267@email.com",
    "password": "12345678",
    "id": 273
  },
  {
    "email": "ghita.sefiani268@email.com",
    "password": "12345678",
    "id": 274
  },
  {
    "email": "reda.idrissi269@email.com",
    "password": "12345678",
    "id": 275
  },
  {
    "email": "khadija.hilali270@email.com",
    "password": "12345678",
    "id": 276
  },
  {
    "email": "hamza.ouardi271@email.com",
    "password": "12345678",
    "id": 277
  },
  {
    "email": "sanae.naciri272@email.com",
    "password": "12345678",
    "id": 278
  },
  {
    "email": "hamza.raji273@email.com",
    "password": "12345678",
    "id": 279
  },
  {
    "email": "khadija.mrani274@email.com",
    "password": "12345678",
    "id": 280
  },
  {
    "email": "ilyas.bekkali275@email.com",
    "password": "12345678",
    "id": 281
  },
  {
    "email": "salma.benslimane276@email.com",
    "password": "12345678",
    "id": 282
  },
  {
    "email": "ilyas.alaoui277@email.com",
    "password": "12345678",
    "id": 283
  },
  {
    "email": "sanae.bouziane278@email.com",
    "password": "12345678",
    "id": 284
  },
  {
    "email": "tarik.drissi279@email.com",
    "password": "12345678",
    "id": 285
  },
  {
    "email": "samia.hilali280@email.com",
    "password": "12345678",
    "id": 286
  },
  {
    "email": "mohammed.bouhsine281@email.com",
    "password": "12345678",
    "id": 287
  },
  {
    "email": "jihane.tounsi282@email.com",
    "password": "12345678",
    "id": 288
  },
  {
    "email": "khalid.ouardi283@email.com",
    "password": "12345678",
    "id": 289
  },
  {
    "email": "hanane.filali284@email.com",
    "password": "12345678",
    "id": 290
  },
  {
    "email": "mourad.elamrani285@email.com",
    "password": "12345678",
    "id": 291
  },
  {
    "email": "houda.nejjar286@email.com",
    "password": "12345678",
    "id": 292
  },
  {
    "email": "jamal.lahlou287@email.com",
    "password": "12345678",
    "id": 293
  },
  {
    "email": "jihane.jilali288@email.com",
    "password": "12345678",
    "id": 294
  },
  {
    "email": "ismail.hassani289@email.com",
    "password": "12345678",
    "id": 295
  },
  {
    "email": "siham.cherkaoui290@email.com",
    "password": "12345678",
    "id": 296
  },
  {
    "email": "yassine.ghazali291@email.com",
    "password": "12345678",
    "id": 297
  },
  {
    "email": "asmae.benabdallah292@email.com",
    "password": "12345678",
    "id": 298
  },
  {
    "email": "rachid.hajji293@email.com",
    "password": "12345678",
    "id": 299
  },
  {
    "email": "salima.bouhsine294@email.com",
    "password": "12345678",
    "id": 300
  },
  {
    "email": "mohammed.chafi295@email.com",
    "password": "12345678",
    "id": 301
  },
  {
    "email": "naoual.zaki296@email.com",
    "password": "12345678",
    "id": 302
  },
  {
    "email": "oussama.fassi297@email.com",
    "password": "12345678",
    "id": 303
  },
  {
    "email": "salma.semlali298@email.com",
    "password": "12345678",
    "id": 304
  },
  {
    "email": "hamid.kadiri299@email.com",
    "password": "12345678",
    "id": 305
  },
  {
    "email": "btissam.tounsi300@email.com",
    "password": "12345678",
    "id": 306
  },
  {
    "email": "khalid.hassani301@email.com",
    "password": "12345678",
    "id": 307
  },
  {
    "email": "loubna.chraibi302@email.com",
    "password": "12345678",
    "id": 308
  },
  {
    "email": "yassine.slimani303@email.com",
    "password": "12345678",
    "id": 309
  },
  {
    "email": "zineb.drissi304@email.com",
    "password": "12345678",
    "id": 310
  },
  {
    "email": "anass.elharrak305@email.com",
    "password": "12345678",
    "id": 311
  },
  {
    "email": "salma.lazrak306@email.com",
    "password": "12345678",
    "id": 312
  },
  {
    "email": "hamid.chafi307@email.com",
    "password": "12345678",
    "id": 313
  },
  {
    "email": "hanae.bouabid308@email.com",
    "password": "12345678",
    "id": 314
  },
  {
    "email": "hassan.lazaar309@email.com",
    "password": "12345678",
    "id": 315
  },
  {
    "email": "amina.chafi310@email.com",
    "password": "12345678",
    "id": 316
  },
  {
    "email": "ismail.benjelloun311@email.com",
    "password": "12345678",
    "id": 317
  },
  {
    "email": "ghita.mansouri312@email.com",
    "password": "12345678",
    "id": 318
  },
  {
    "email": "mohammed.zahraoui313@email.com",
    "password": "12345678",
    "id": 319
  },
  {
    "email": "hasna.sekkat314@email.com",
    "password": "12345678",
    "id": 320
  },
  {
    "email": "oussama.zahraoui315@email.com",
    "password": "12345678",
    "id": 321
  },
  {
    "email": "samia.lazaar316@email.com",
    "password": "12345678",
    "id": 322
  },
  {
    "email": "ismail.fassi317@email.com",
    "password": "12345678",
    "id": 323
  },
  {
    "email": "jihane.bennani318@email.com",
    "password": "12345678",
    "id": 324
  },
  {
    "email": "omar.elharrak319@email.com",
    "password": "12345678",
    "id": 325
  },
  {
    "email": "salma.ouazzani320@email.com",
    "password": "12345678",
    "id": 326
  },
  {
    "email": "nabil.nejjar321@email.com",
    "password": "12345678",
    "id": 327
  },
  {
    "email": "jihane.tounsi322@email.com",
    "password": "12345678",
    "id": 328
  },
  {
    "email": "hicham.jaidi323@email.com",
    "password": "12345678",
    "id": 329
  },
  {
    "email": "zineb.bennis324@email.com",
    "password": "12345678",
    "id": 330
  },
  {
    "email": "mourad.tounsi325@email.com",
    "password": "12345678",
    "id": 331
  },
  {
    "email": "lamiae.ghazali326@email.com",
    "password": "12345678",
    "id": 332
  },
  {
    "email": "anass.moussaoui327@email.com",
    "password": "12345678",
    "id": 333
  },
  {
    "email": "rim.alami328@email.com",
    "password": "12345678",
    "id": 334
  },
  {
    "email": "reda.benabdallah329@email.com",
    "password": "12345678",
    "id": 335
  },
  {
    "email": "ibtissam.lazrak330@email.com",
    "password": "12345678",
    "id": 336
  },
  {
    "email": "mohammed.bouabid331@email.com",
    "password": "12345678",
    "id": 337
  },
  {
    "email": "salima.bennis332@email.com",
    "password": "12345678",
    "id": 338
  },
  {
    "email": "walid.raji333@email.com",
    "password": "12345678",
    "id": 339
  },
  {
    "email": "laila.semlali334@email.com",
    "password": "12345678",
    "id": 340
  },
  {
    "email": "omar.zaki335@email.com",
    "password": "12345678",
    "id": 341
  },
  {
    "email": "karima.zaki336@email.com",
    "password": "12345678",
    "id": 342
  },
  {
    "email": "ilyas.lahlou337@email.com",
    "password": "12345678",
    "id": 343
  },
  {
    "email": "zineb.bekkali338@email.com",
    "password": "12345678",
    "id": 344
  },
  {
    "email": "soufiane.ghazali339@email.com",
    "password": "12345678",
    "id": 345
  },
  {
    "email": "samia.slimani340@email.com",
    "password": "12345678",
    "id": 346
  },
  {
    "email": "jamal.bennani341@email.com",
    "password": "12345678",
    "id": 347
  },
  {
    "email": "hasna.bekkali342@email.com",
    "password": "12345678",
    "id": 348
  },
  {
    "email": "tarik.hassani343@email.com",
    "password": "12345678",
    "id": 349
  },
  {
    "email": "laila.skalli344@email.com",
    "password": "12345678",
    "id": 350
  },
  {
    "email": "ayoub.bennis345@email.com",
    "password": "12345678",
    "id": 351
  },
  {
    "email": "asmae.nejjar346@email.com",
    "password": "12345678",
    "id": 352
  },
  {
    "email": "hamza.bekkali347@email.com",
    "password": "12345678",
    "id": 353
  },
  {
    "email": "nadia.fassi348@email.com",
    "password": "12345678",
    "id": 354
  },
  {
    "email": "hicham.jaidi349@email.com",
    "password": "12345678",
    "id": 355
  },
  {
    "email": "malika.lamrani350@email.com",
    "password": "12345678",
    "id": 356
  },
  {
    "email": "mehdi.lamrani351@email.com",
    "password": "12345678",
    "id": 357
  },
  {
    "email": "samira.zahraoui352@email.com",
    "password": "12345678",
    "id": 358
  },
  {
    "email": "hamid.bouabid353@email.com",
    "password": "12345678",
    "id": 359
  },
  {
    "email": "samira.raji354@email.com",
    "password": "12345678",
    "id": 360
  },
  {
    "email": "tarik.lazaar355@email.com",
    "password": "12345678",
    "id": 361
  },
  {
    "email": "amina.tazi356@email.com",
    "password": "12345678",
    "id": 362
  },
  {
    "email": "mehdi.tazi357@email.com",
    "password": "12345678",
    "id": 363
  },
  {
    "email": "leila.naciri358@email.com",
    "password": "12345678",
    "id": 364
  },
  {
    "email": "reda.lamrani359@email.com",
    "password": "12345678",
    "id": 365
  },
  {
    "email": "amina.belghazi360@email.com",
    "password": "12345678",
    "id": 366
  },
  {
    "email": "anass.semlali361@email.com",
    "password": "12345678",
    "id": 367
  },
  {
    "email": "hasna.berrada362@email.com",
    "password": "12345678",
    "id": 368
  },
  {
    "email": "othman.alami363@email.com",
    "password": "12345678",
    "id": 369
  },
  {
    "email": "malika.hilali364@email.com",
    "password": "12345678",
    "id": 370
  },
  {
    "email": "amine.benabdallah365@email.com",
    "password": "12345678",
    "id": 371
  },
  {
    "email": "khadija.fassi366@email.com",
    "password": "12345678",
    "id": 372
  },
  {
    "email": "mourad.amrani367@email.com",
    "password": "12345678",
    "id": 373
  },
  {
    "email": "asmae.slimani368@email.com",
    "password": "12345678",
    "id": 374
  },
  {
    "email": "yassine.lamrani369@email.com",
    "password": "12345678",
    "id": 375
  },
  {
    "email": "hasna.drissi370@email.com",
    "password": "12345678",
    "id": 376
  },
  {
    "email": "mustapha.zaari371@email.com",
    "password": "12345678",
    "id": 377
  },
  {
    "email": "loubna.zaari372@email.com",
    "password": "12345678",
    "id": 378
  },
  {
    "email": "mourad.benabdallah373@email.com",
    "password": "12345678",
    "id": 379
  },
  {
    "email": "meryem.jilali374@email.com",
    "password": "12345678",
    "id": 380
  },
  {
    "email": "soufiane.chafi375@email.com",
    "password": "12345678",
    "id": 381
  },
  {
    "email": "meryem.bekkali376@email.com",
    "password": "12345678",
    "id": 382
  },
  {
    "email": "soufiane.kabbaj377@email.com",
    "password": "12345678",
    "id": 383
  },
  {
    "email": "siham.mansouri378@email.com",
    "password": "12345678",
    "id": 384
  },
  {
    "email": "hamid.benabdallah379@email.com",
    "password": "12345678",
    "id": 385
  },
  {
    "email": "laila.bouchentouf380@email.com",
    "password": "12345678",
    "id": 386
  },
  {
    "email": "ismail.bekkali381@email.com",
    "password": "12345678",
    "id": 387
  },
  {
    "email": "sara.lemrani382@email.com",
    "password": "12345678",
    "id": 388
  },
  {
    "email": "jamal.nejjar383@email.com",
    "password": "12345678",
    "id": 389
  },
  {
    "email": "imane.ouazzani384@email.com",
    "password": "12345678",
    "id": 390
  },
  {
    "email": "abdelilah.moussaoui385@email.com",
    "password": "12345678",
    "id": 391
  },
  {
    "email": "hasna.lemrani386@email.com",
    "password": "12345678",
    "id": 392
  },
  {
    "email": "abdelilah.nejjar387@email.com",
    "password": "12345678",
    "id": 393
  },
  {
    "email": "btissam.kadiri388@email.com",
    "password": "12345678",
    "id": 394
  },
  {
    "email": "amine.benslimane389@email.com",
    "password": "12345678",
    "id": 395
  },
  {
    "email": "rim.bennis390@email.com",
    "password": "12345678",
    "id": 396
  },
  {
    "email": "badr.skalli391@email.com",
    "password": "12345678",
    "id": 397
  },
  {
    "email": "loubna.hajji392@email.com",
    "password": "12345678",
    "id": 398
  },
  {
    "email": "karim.lazaar393@email.com",
    "password": "12345678",
    "id": 399
  },
  {
    "email": "dounia.bekkali394@email.com",
    "password": "12345678",
    "id": 400
  },
  {
    "email": "tarik.hajji395@email.com",
    "password": "12345678",
    "id": 401
  },
  {
    "email": "houda.bouchentouf396@email.com",
    "password": "12345678",
    "id": 402
  },
  {
    "email": "khalid.lazrak397@email.com",
    "password": "12345678",
    "id": 403
  },
  {
    "email": "meryem.chakir398@email.com",
    "password": "12345678",
    "id": 404
  },
  {
    "email": "oussama.ghazali399@email.com",
    "password": "12345678",
    "id": 405
  },
  {
    "email": "chaimae.alami400@email.com",
    "password": "12345678",
    "id": 406
  }
]