email,password,participantId
jalal.fassi1@email.com,12345678,7
ghita.tounsi2@email.com,12345678,8
mustapha.chraibi3@email.com,12345678,9
khadija.amrani4@email.com,12345678,10
soufiane.chraibi5@email.com,12345678,11
laila.jaidi6@email.com,12345678,12
abdellah.tounsi7@email.com,12345678,13
salima.hassani8@email.com,12345678,14
othman.bennis9@email.com,12345678,15
salima.idrissi10@email.com,12345678,16
tarik.berrada11@email.com,12345678,17
jihane.lahlou12@email.com,12345678,18
ilyas.hilali13@email.com,12345678,19
zineb.elamrani14@email.com,12345678,20
jamal.skalli15@email.com,12345678,21
loubna.kadiri16@email.com,12345678,22
ilyas.kadiri17@email.com,12345678,23
leila.kettani18@email.com,12345678,24
abdelilah.tounsi19@email.com,12345678,25
ghita.zahraoui20@email.com,12345678,26
karim.chakir21@email.com,12345678,27
dounia.ouardi22@email.com,12345678,28
omar.bennis23@email.com,12345678,29
houda.naciri24@email.com,12345678,30
hamid.lazrak25@email.com,12345678,31
rim.sqalli26@email.com,12345678,32
soufiane.bouhsine27@email.com,12345678,33
samia.lazrak28@email.com,12345678,34
amine.benslimane29@email.com,12345678,35
hasna.bekkali30@email.com,12345678,36
abdellah.kadiri31@email.com,12345678,37
jihane.naciri32@email.com,12345678,38
abdellah.zaari33@email.com,12345678,39
loubna.tahiri34@email.com,12345678,40
anass.sefiani35@email.com,12345678,41
ghita.jaidi36@email.com,12345678,42
hamid.bouabid37@email.com,12345678,43
houria.berrada38@email.com,12345678,44
zakaria.mrani39@email.com,12345678,45
imane.lamrani40@email.com,12345678,46
omar.berrada41@email.com,12345678,47
leila.bensaid42@email.com,12345678,48
nabil.lamrani43@email.com,12345678,49
sara.skalli44@email.com,12345678,50
ayoub.bouhsine45@email.com,12345678,51
houda.tounsi46@email.com,12345678,52
soufiane.sefiani47@email.com,12345678,53
lamiae.ouardi48@email.com,12345678,54
ismail.benslimane49@email.com,12345678,55
nadia.bouziane50@email.com,12345678,56
anass.fassi51@email.com,12345678,57
salma.berrada52@email.com,12345678,58
badr.bouchentouf53@email.com,12345678,59
zineb.raji54@email.com,12345678,60
hamza.tazi55@email.com,12345678,61
samira.hajji56@email.com,12345678,62
ismail.tazi57@email.com,12345678,63
sara.jilali58@email.com,12345678,64
hicham.sefiani59@email.com,12345678,65
meryem.semlali60@email.com,12345678,66
saad.hajji61@email.com,12345678,67
imane.sabri62@email.com,12345678,68
bilal.tahiri63@email.com,12345678,69
hanae.bensaid64@email.com,12345678,70
karim.kabbaj65@email.com,12345678,71
ibtissam.amrani66@email.com,12345678,72
nabil.kabbaj67@email.com,12345678,73
ibtissam.semlali68@email.com,12345678,74
rachid.slaoui69@email.com,12345678,75
soukaina.drissi70@email.com,12345678,76
karim.bennis71@email.com,12345678,77
salma.berrada72@email.com,12345678,78
hamid.idrissi73@email.com,12345678,79
malika.chraibi74@email.com,12345678,80
rachid.drissi75@email.com,12345678,81
malika.jilali76@email.com,12345678,82
badr.elamrani77@email.com,12345678,83
samia.bennis78@email.com,12345678,84
abdelilah.kettani79@email.com,12345678,85
imane.elamrani80@email.com,12345678,86
omar.mrani81@email.com,12345678,87
ibtissam.bouziane82@email.com,12345678,88
youssef.fassi83@email.com,12345678,89
amina.lamrani84@email.com,12345678,90
mohammed.tounsi85@email.com,12345678,91
kenza.benslimane86@email.com,12345678,92
adil.alami87@email.com,12345678,93
dounia.bennis88@email.com,12345678,94
ismail.slaoui89@email.com,12345678,95
sara.slaoui90@email.com,12345678,96
adil.ouazzani91@email.com,12345678,97
nadia.sefiani92@email.com,12345678,98
soufiane.mrani93@email.com,12345678,99
hasna.tounsi94@email.com,12345678,100
yassine.naciri95@email.com,12345678,101
loubna.ghazali96@email.com,12345678,102
saad.bouchentouf97@email.com,12345678,103
btissam.benjelloun98@email.com,12345678,104
ayoub.belghazi99@email.com,12345678,105
hanane.tahiri100@email.com,12345678,106
adil.bekkali101@email.com,12345678,107
loubna.filali102@email.com,12345678,108
saad.elamrani103@email.com,12345678,109
imane.hilali104@email.com,12345678,110
aziz.berrada105@email.com,12345678,111
loubna.alaoui106@email.com,12345678,112
jamal.tounsi107@email.com,12345678,113
sara.hilali108@email.com,12345678,114
omar.lazrak109@email.com,12345678,115
leila.kabbaj110@email.com,12345678,116
bilal.alami111@email.com,12345678,117
amina.nejjar112@email.com,12345678,118
aziz.benabdallah113@email.com,12345678,119
hanane.lahlou114@email.com,12345678,120
mehdi.skalli115@email.com,12345678,121
leila.alami116@email.com,12345678,122
nabil.lazaar117@email.com,12345678,123
sara.chakir118@email.com,12345678,124
driss.ouardi119@email.com,12345678,125
salma.idrissi120@email.com,12345678,126
nabil.berrada121@email.com,12345678,127
chaimae.tazi122@email.com,12345678,128
othman.hajji123@email.com,12345678,129
fatima.ghazali124@email.com,12345678,130
saad.ghazali125@email.com,12345678,131
zineb.benslimane126@email.com,12345678,132
mohammed.fassi127@email.com,12345678,133
hanae.benjelloun128@email.com,12345678,134
khalid.tounsi129@email.com,12345678,135
houda.tahiri130@email.com,12345678,136
saad.tounsi131@email.com,12345678,137
amina.ouazzani132@email.com,12345678,138
ilyas.benjelloun133@email.com,12345678,139
nadia.moussaoui134@email.com,12345678,140
tarik.ghazali135@email.com,12345678,141
zineb.hajji136@email.com,12345678,142
ayoub.ouazzani137@email.com,12345678,143
soukaina.lazaar138@email.com,12345678,144
ismail.kadiri139@email.com,12345678,145
zineb.sefiani140@email.com,12345678,146
khalid.sekkat141@email.com,12345678,147
hafsa.elharrak142@email.com,12345678,148
abderrahim.bennani143@email.com,12345678,149
salma.benjelloun144@email.com,12345678,150
fouad.zahraoui145@email.com,12345678,151
zineb.nejjar146@email.com,12345678,152
mourad.hassani147@email.com,12345678,153
lamiae.ghazali148@email.com,12345678,154
amine.elharrak149@email.com,12345678,155
meryem.fassi150@email.com,12345678,156
mehdi.bouabid151@email.com,12345678,157
nadia.tazi152@email.com,12345678,158
mohammed.benslimane153@email.com,12345678,159
loubna.idrissi154@email.com,12345678,160
mourad.moussaoui155@email.com,12345678,161
lamiae.bennani156@email.com,12345678,162
oussama.bouabid157@email.com,12345678,163
meriem.elamrani158@email.com,12345678,164
walid.zaki159@email.com,12345678,165
hafsa.ouazzani160@email.com,12345678,166
badr.filali161@email.com,12345678,167
hafsa.bekkali162@email.com,12345678,168
abdelilah.ghazali163@email.com,12345678,169
hasna.nejjar164@email.com,12345678,170
khalid.slimani165@email.com,12345678,171
siham.ouazzani166@email.com,12345678,172
jalal.bouziane167@email.com,12345678,173
wafa.drissi168@email.com,12345678,174
tarik.nejjar169@email.com,12345678,175
leila.hassani170@email.com,12345678,176
bilal.chafi171@email.com,12345678,177
malika.jilali172@email.com,12345678,178
othman.elharrak173@email.com,12345678,179
zineb.lemrani174@email.com,12345678,180
walid.bensaid175@email.com,12345678,181
chaimae.ouahabi176@email.com,12345678,182
soufiane.bouabid177@email.com,12345678,183
naoual.naciri178@email.com,12345678,184
oussama.mrani179@email.com,12345678,185
samira.tazi180@email.com,12345678,186
ilyas.bouabid181@email.com,12345678,187
hanae.berrada182@email.com,12345678,188
tarik.elamrani183@email.com,12345678,189
ibtissam.lazrak184@email.com,12345678,190
adil.mansouri185@email.com,12345678,191
meriem.sekkat186@email.com,12345678,192
soufiane.raji187@email.com,12345678,193
jihane.bennis188@email.com,12345678,194
fouad.drissi189@email.com,12345678,195
hasna.jilali190@email.com,12345678,196
rachid.ouazzani191@email.com,12345678,197
meryem.kettani192@email.com,12345678,198
walid.bennani193@email.com,12345678,199
jihane.tounsi194@email.com,12345678,200
omar.mansouri195@email.com,12345678,201
lamiae.zaki196@email.com,12345678,202
othman.tazi197@email.com,12345678,203
meriem.alaoui198@email.com,12345678,204
amine.alami199@email.com,12345678,205
ghita.elamrani200@email.com,12345678,206
karim.sqalli201@email.com,12345678,207
karima.zaki202@email.com,12345678,208
driss.kabbaj203@email.com,12345678,209
hasna.sefiani204@email.com,12345678,210
othman.bekkali205@email.com,12345678,211
samira.sefiani206@email.com,12345678,212
jalal.semlali207@email.com,12345678,213
meriem.ouazzani208@email.com,12345678,214
badr.berrada209@email.com,12345678,215
sanae.bouchentouf210@email.com,12345678,216
tarik.jaidi211@email.com,12345678,217
leila.alami212@email.com,12345678,218
nabil.ouardi213@email.com,12345678,219
samira.benslimane214@email.com,12345678,220
hassan.elamrani215@email.com,12345678,221
asmae.elamrani216@email.com,12345678,222
aziz.elamrani217@email.com,12345678,223
loubna.hajji218@email.com,12345678,224
reda.benjelloun219@email.com,12345678,225
loubna.alaoui220@email.com,12345678,226
ilyas.benabdallah221@email.com,12345678,227
karima.chraibi222@email.com,12345678,228
hamid.amrani223@email.com,12345678,229
meryem.zahraoui224@email.com,12345678,230
hassan.bensaid225@email.com,12345678,231
ghita.fassi226@email.com,12345678,232
reda.lahlou227@email.com,12345678,233
houda.mrani228@email.com,12345678,234
nabil.mrani229@email.com,12345678,235
houria.moutaouakil230@email.com,12345678,236
saad.kettani231@email.com,12345678,237
meriem.tounsi232@email.com,12345678,238
mehdi.naciri233@email.com,12345678,239
hafsa.chraibi234@email.com,12345678,240
jamal.idrissi235@email.com,12345678,241
dounia.mansouri236@email.com,12345678,242
mohammed.ouahabi237@email.com,12345678,243
naoual.fassi238@email.com,12345678,244
mustapha.slaoui239@email.com,12345678,245
dounia.amrani240@email.com,12345678,246
said.lamrani241@email.com,12345678,247
amina.bouabid242@email.com,12345678,248
fouad.bouhsine243@email.com,12345678,249
meryem.sekkat244@email.com,12345678,250
yassine.idrissi245@email.com,12345678,251
asmae.slimani246@email.com,12345678,252
abderrahim.ouardi247@email.com,12345678,253
houda.zaari248@email.com,12345678,254
ismail.sabri249@email.com,12345678,255
hasna.hajji250@email.com,12345678,256
khalid.lazaar251@email.com,12345678,257
samira.elamrani252@email.com,12345678,258
omar.lazaar253@email.com,12345678,259
salima.elamrani254@email.com,12345678,260
mehdi.bekkali255@email.com,12345678,261
houria.lemrani256@email.com,12345678,262
amine.skalli257@email.com,12345678,263
nadia.chraibi258@email.com,12345678,264
hamid.bouziane259@email.com,12345678,265
hasna.sekkat260@email.com,12345678,266
soufiane.ouazzani261@email.com,12345678,267
karima.moussaoui262@email.com,12345678,268
anass.lemrani263@email.com,12345678,269
hanane.bouhsine264@email.com,12345678,270
badr.bekkali265@email.com,12345678,271
hafsa.slaoui266@email.com,12345678,272
walid.slaoui267@email.com,12345678,273
ghita.sefiani268@email.com,12345678,274
reda.idrissi269@email.com,12345678,275
khadija.hilali270@email.com,12345678,276
hamza.ouardi271@email.com,12345678,277
sanae.naciri272@email.com,12345678,278
hamza.raji273@email.com,12345678,279
khadija.mrani274@email.com,12345678,280
ilyas.bekkali275@email.com,12345678,281
salma.benslimane276@email.com,12345678,282
ilyas.alaoui277@email.com,12345678,283
sanae.bouziane278@email.com,12345678,284
tarik.drissi279@email.com,12345678,285
samia.hilali280@email.com,12345678,286
mohammed.bouhsine281@email.com,12345678,287
jihane.tounsi282@email.com,12345678,288
khalid.ouardi283@email.com,12345678,289
hanane.filali284@email.com,12345678,290
mourad.elamrani285@email.com,12345678,291
houda.nejjar286@email.com,12345678,292
jamal.lahlou287@email.com,12345678,293
jihane.jilali288@email.com,12345678,294
ismail.hassani289@email.com,12345678,295
siham.cherkaoui290@email.com,12345678,296
yassine.ghazali291@email.com,12345678,297
asmae.benabdallah292@email.com,12345678,298
rachid.hajji293@email.com,12345678,299
salima.bouhsine294@email.com,12345678,300
mohammed.chafi295@email.com,12345678,301
naoual.zaki296@email.com,12345678,302
oussama.fassi297@email.com,12345678,303
salma.semlali298@email.com,12345678,304
hamid.kadiri299@email.com,12345678,305
btissam.tounsi300@email.com,12345678,306
khalid.hassani301@email.com,12345678,307
loubna.chraibi302@email.com,12345678,308
yassine.slimani303@email.com,12345678,309
zineb.drissi304@email.com,12345678,310
anass.elharrak305@email.com,12345678,311
salma.lazrak306@email.com,12345678,312
hamid.chafi307@email.com,12345678,313
hanae.bouabid308@email.com,12345678,314
hassan.lazaar309@email.com,12345678,315
amina.chafi310@email.com,12345678,316
ismail.benjelloun311@email.com,12345678,317
ghita.mansouri312@email.com,12345678,318
mohammed.zahraoui313@email.com,12345678,319
hasna.sekkat314@email.com,12345678,320
oussama.zahraoui315@email.com,12345678,321
samia.lazaar316@email.com,12345678,322
ismail.fassi317@email.com,12345678,323
jihane.bennani318@email.com,12345678,324
omar.elharrak319@email.com,12345678,325
salma.ouazzani320@email.com,12345678,326
nabil.nejjar321@email.com,12345678,327
jihane.tounsi322@email.com,12345678,328
hicham.jaidi323@email.com,12345678,329
zineb.bennis324@email.com,12345678,330
mourad.tounsi325@email.com,12345678,331
lamiae.ghazali326@email.com,12345678,332
anass.moussaoui327@email.com,12345678,333
rim.alami328@email.com,12345678,334
reda.benabdallah329@email.com,12345678,335
ibtissam.lazrak330@email.com,12345678,336
mohammed.bouabid331@email.com,12345678,337
salima.bennis332@email.com,12345678,338
walid.raji333@email.com,12345678,339
laila.semlali334@email.com,12345678,340
omar.zaki335@email.com,12345678,341
karima.zaki336@email.com,12345678,342
ilyas.lahlou337@email.com,12345678,343
zineb.bekkali338@email.com,12345678,344
soufiane.ghazali339@email.com,12345678,345
samia.slimani340@email.com,12345678,346
jamal.bennani341@email.com,12345678,347
hasna.bekkali342@email.com,12345678,348
tarik.hassani343@email.com,12345678,349
laila.skalli344@email.com,12345678,350
ayoub.bennis345@email.com,12345678,351
asmae.nejjar346@email.com,12345678,352
hamza.bekkali347@email.com,12345678,353
nadia.fassi348@email.com,12345678,354
hicham.jaidi349@email.com,12345678,355
malika.lamrani350@email.com,12345678,356
mehdi.lamrani351@email.com,12345678,357
samira.zahraoui352@email.com,12345678,358
hamid.bouabid353@email.com,12345678,359
samira.raji354@email.com,12345678,360
tarik.lazaar355@email.com,12345678,361
amina.tazi356@email.com,12345678,362
mehdi.tazi357@email.com,12345678,363
leila.naciri358@email.com,12345678,364
reda.lamrani359@email.com,12345678,365
amina.belghazi360@email.com,12345678,366
anass.semlali361@email.com,12345678,367
hasna.berrada362@email.com,12345678,368
othman.alami363@email.com,12345678,369
malika.hilali364@email.com,12345678,370
amine.benabdallah365@email.com,12345678,371
khadija.fassi366@email.com,12345678,372
mourad.amrani367@email.com,12345678,373
asmae.slimani368@email.com,12345678,374
yassine.lamrani369@email.com,12345678,375
hasna.drissi370@email.com,12345678,376
mustapha.zaari371@email.com,12345678,377
loubna.zaari372@email.com,12345678,378
mourad.benabdallah373@email.com,12345678,379
meryem.jilali374@email.com,12345678,380
soufiane.chafi375@email.com,12345678,381
meryem.bekkali376@email.com,12345678,382
soufiane.kabbaj377@email.com,12345678,383
siham.mansouri378@email.com,12345678,384
hamid.benabdallah379@email.com,12345678,385
laila.bouchentouf380@email.com,12345678,386
ismail.bekkali381@email.com,12345678,387
sara.lemrani382@email.com,12345678,388
jamal.nejjar383@email.com,12345678,389
imane.ouazzani384@email.com,12345678,390
abdelilah.moussaoui385@email.com,12345678,391
hasna.lemrani386@email.com,12345678,392
abdelilah.nejjar387@email.com,12345678,393
btissam.kadiri388@email.com,12345678,394
amine.benslimane389@email.com,12345678,395
rim.bennis390@email.com,12345678,396
badr.skalli391@email.com,12345678,397
loubna.hajji392@email.com,12345678,398
karim.lazaar393@email.com,12345678,399
dounia.bekkali394@email.com,12345678,400
tarik.hajji395@email.com,12345678,401
houda.bouchentouf396@email.com,12345678,402
khalid.lazrak397@email.com,12345678,403
meryem.chakir398@email.com,12345678,404
oussama.ghazali399@email.com,12345678,405
chaimae.alami400@email.com,12345678,406
