-- phpMyAdmin SQL Dump
-- version 5.2.1
-- https://www.phpmyadmin.net/
--
-- Hôte : 127.0.0.1
-- Généré le : mer. 14 jan. 2026 à 02:51
-- Version du serveur : 10.4.32-MariaDB
-- Version de PHP : 8.2.12

SET SQL_MODE = "NO_AUTO_VALUE_ON_ZERO";
START TRANSACTION;
SET time_zone = "+00:00";


/*!40101 SET @OLD_CHARACTER_SET_CLIENT=@@CHARACTER_SET_CLIENT */;
/*!40101 SET @OLD_CHARACTER_SET_RESULTS=@@CHARACTER_SET_RESULTS */;
/*!40101 SET @OLD_COLLATION_CONNECTION=@@COLLATION_CONNECTION */;
/*!40101 SET NAMES utf8mb4 */;

--
-- Base de données : `systeme_vote_aseet`
--

-- --------------------------------------------------------

--
-- Structure de la table `admin`
--

CREATE TABLE `admin` (
  `id_admin` int(11) NOT NULL,
  `nom` varchar(100) NOT NULL,
  `prenom` varchar(100) NOT NULL,
  `email` varchar(150) NOT NULL,
  `mot_de_passe` varchar(255) NOT NULL,
  `role` varchar(50) DEFAULT 'admin'
) ENGINE=InnoDB DEFAULT CHARSET=utf8mb4 COLLATE=utf8mb4_general_ci;

--
-- Déchargement des données de la table `admin`
--

INSERT INTO `admin` (`id_admin`, `nom`, `prenom`, `email`, `mot_de_passe`, `role`) VALUES
(1, 'Dupont', 'Jean', 'jean.dupont@admin.com', '$2a$12$0maUCJxVTVL8h/hofPqJ0On7id/rkpa94LtycCQ240uXYqJcNMXHa', 'admin'),
(2, 'Martin', 'Sophie', 'sophie.martin@admin.com', 'motdepasse123', 'admin');

-- --------------------------------------------------------

--
-- Structure de la table `candidat`
--

CREATE TABLE `candidat` (
  `id_candidat` int(11) NOT NULL,
  `nom` varchar(100) NOT NULL,
  `prenom` varchar(100) NOT NULL,
  `description` text NOT NULL,
  `programme` text NOT NULL,
  `email` varchar(150) NOT NULL,
  `photo` varchar(255) DEFAULT NULL,
  `id_equipe` int(11) NOT NULL,
  `id_poste` int(11) NOT NULL
) ENGINE=InnoDB DEFAULT CHARSET=utf8mb4 COLLATE=utf8mb4_general_ci;

--
-- Déchargement des données de la table `candidat`
--

INSERT INTO `candidat` (`id_candidat`, `nom`, `prenom`, `description`, `programme`, `email`, `photo`, `id_equipe`, `id_poste`) VALUES
(1, 'Alice', 'Dupont', '', '', 'alice@alpha.org', NULL, 1, 1),
(2, 'Benoit', 'Morel', '', '', 'benoit@alpha.org', NULL, 1, 2),
(3, 'Carla', 'Durand', '', '', 'carla@alpha.org', NULL, 1, 3),
(4, 'David', 'Leroy', '', '', 'david@alpha.org', NULL, 1, 4),
(5, 'Emma', 'Petit', '', '', 'emma@beta.org', NULL, 2, 1),
(6, 'Franck', 'Rousseau', '', '', 'franck@beta.org', NULL, 2, 2),
(7, 'Gloria', 'Marchand', '', '', 'gloria@beta.org', NULL, 2, 3),
(8, 'Hugo', 'Dubois', '', '', 'hugo@beta.org', NULL, 2, 4),
(9, 'Iris', 'Benoit', '', '', 'iris@gamma.org', NULL, 3, 1),
(10, 'Julien', 'Girard', '', '', 'julien@gamma.org', NULL, 3, 2),
(11, 'Laura', 'Fournier', '', '', 'laura@gamma.org', NULL, 3, 3),
(12, 'Maxime', 'Renault', '', '', 'maxime@gamma.org', NULL, 3, 4);

-- --------------------------------------------------------

--
-- Structure de la table `equipe`
--

CREATE TABLE `equipe` (
  `id_equipe` int(11) NOT NULL,
  `nom_equipe` varchar(100) NOT NULL,
  `logo` varchar(255) DEFAULT NULL,
  `description` text DEFAULT NULL
) ENGINE=InnoDB DEFAULT CHARSET=utf8mb4 COLLATE=utf8mb4_general_ci;

--
-- Déchargement des données de la table `equipe`
--

INSERT INTO `equipe` (`id_equipe`, `nom_equipe`, `logo`, `description`) VALUES
(1, 'Team Alpha', NULL, NULL),
(2, 'Team Beta', NULL, NULL),
(3, 'Team Gamma', NULL, NULL);

-- --------------------------------------------------------

--
-- Structure de la table `experiences_candidat`
--

CREATE TABLE `experiences_candidat` (
  `id` int(11) NOT NULL,
  `id_candidat` int(11) DEFAULT NULL,
  `description` text DEFAULT NULL
) ENGINE=InnoDB DEFAULT CHARSET=utf8mb4 COLLATE=utf8mb4_general_ci;

--
-- Déchargement des données de la table `experiences_candidat`
--

INSERT INTO `experiences_candidat` (`id`, `id_candidat`, `description`) VALUES
(1, 1, 'Responsable événements étudiants'),
(2, 2, 'Organisation de projets associatifs'),
(3, 3, 'Gestion de communication interne'),
(4, 4, 'Gestion de budget associatif'),
(5, 5, 'Coordination d\'équipes'),
(6, 6, 'Animation d\'ateliers'),
(7, 7, 'Suivi de projets'),
(8, 8, 'Gestion financière'),
(9, 9, 'Leadership dans des associations'),
(10, 10, 'Mise en place de partenariats'),
(11, 11, 'Communication digitale'),
(12, 12, 'Gestion administrative');

-- --------------------------------------------------------

--
-- Structure de la table `logs`
--

CREATE TABLE `logs` (
  `id_log` int(11) NOT NULL,
  `id_admin` int(11) NOT NULL,
  `action` varchar(255) NOT NULL,
  `description` text DEFAULT NULL,
  `date_action` datetime DEFAULT current_timestamp()
) ENGINE=InnoDB DEFAULT CHARSET=utf8mb4 COLLATE=utf8mb4_general_ci;

-- --------------------------------------------------------

--
-- Structure de la table `participant`
--

CREATE TABLE `participant` (
  `id_participant` int(11) NOT NULL,
  `nom` varchar(100) NOT NULL,
  `prenom` varchar(100) NOT NULL,
  `email` varchar(150) NOT NULL,
  `password_hash` varchar(256) NOT NULL,
  `phone` varchar(20) NOT NULL,
  `code_qr` varchar(255) NOT NULL,
  `type_document` enum('CNI','carte-etudiant','passeport','carte-sejour','autre') NOT NULL DEFAULT 'CNI',
  `numero_document` varchar(50) NOT NULL,
  `photo_document` varchar(100) NOT NULL,
  `est_valide` tinyint(1) DEFAULT 0,
  `a_vote` tinyint(1) DEFAULT 0,
  `date_inscription` datetime DEFAULT current_timestamp()
) ENGINE=InnoDB DEFAULT CHARSET=utf8mb4 COLLATE=utf8mb4_general_ci;

--
-- Déchargement des données de la table `participant`
--

INSERT INTO `participant` (`nom`, `prenom`, `email`, `password_hash`, `phone`, `code_qr`, `type_document`, `numero_document`, `photo_document`, `est_valide`, `a_vote`, `date_inscription`) VALUES
('Fassi', 'Jalal', 'jalal.fassi1@email.com', '$2a$12$2pYwxuH4wQBKUioe9EF6ZO2tgbBIYypsZtFNrtYBT06togqzKcEHu', '06012345001', 'QR001', 'carte-etudiant', 'E123456', 'photo_001.jpg', 1, 1, '2026-01-13 23:47:50'),
('Tounsi', 'Ghita', 'ghita.tounsi2@email.com', '$2a$12$2pYwxuH4wQBKUioe9EF6ZO2tgbBIYypsZtFNrtYBT06togqzKcEHu', '06012345002', 'QR002', 'CNI', 'A123457', 'photo_002.jpg', 1, 1, '2026-01-13 23:47:50'),
('Chraibi', 'Mustapha', 'mustapha.chraibi3@email.com', '$2a$12$2pYwxuH4wQBKUioe9EF6ZO2tgbBIYypsZtFNrtYBT06togqzKcEHu', '06012345003', 'QR003', 'CNI', 'A123458', 'photo_003.jpg', 1, 1, '2026-01-13 23:47:50'),
('Amrani', 'Khadija', 'khadija.amrani4@email.com', '$2a$12$2pYwxuH4wQBKUioe9EF6ZO2tgbBIYypsZtFNrtYBT06togqzKcEHu', '06012345004', 'QR004', 'carte-etudiant', 'E123459', 'photo_004.jpg', 1, 1, '2026-01-13 23:47:50'),
('Chraibi', 'Soufiane', 'soufiane.chraibi5@email.com', '$2a$12$2pYwxuH4wQBKUioe9EF6ZO2tgbBIYypsZtFNrtYBT06togqzKcEHu', '06012345005', 'QR005', 'carte-etudiant', 'E123460', 'photo_005.jpg', 1, 1, '2026-01-13 23:47:50'),
('Jaidi', 'Laila', 'laila.jaidi6@email.com', '$2a$12$2pYwxuH4wQBKUioe9EF6ZO2tgbBIYypsZtFNrtYBT06togqzKcEHu', '06012345006', 'QR006', 'carte-etudiant', 'E123461', 'photo_006.jpg', 1, 1, '2026-01-13 23:47:50'),
('Tounsi', 'Abdellah', 'abdellah.tounsi7@email.com', '$2a$12$2pYwxuH4wQBKUioe9EF6ZO2tgbBIYypsZtFNrtYBT06togqzKcEHu', '06012345007', 'QR007', 'passeport', 'P123462', 'photo_007.jpg', 1, 1, '2026-01-13 23:47:50'),
('Hassani', 'Salima', 'salima.hassani8@email.com', '$2a$12$2pYwxuH4wQBKUioe9EF6ZO2tgbBIYypsZtFNrtYBT06togqzKcEHu', '06012345008', 'QR008', 'CNI', 'A123463', 'photo_008.jpg', 1, 1, '2026-01-13 23:47:50'),
('Bennis', 'Othman', 'othman.bennis9@email.com', '$2a$12$2pYwxuH4wQBKUioe9EF6ZO2tgbBIYypsZtFNrtYBT06togqzKcEHu', '06012345009', 'QR009', 'passeport', 'P123464', 'photo_009.jpg', 1, 1, '2026-01-13 23:47:50'),
('Idrissi', 'Salima', 'salima.idrissi10@email.com', '$2a$12$2pYwxuH4wQBKUioe9EF6ZO2tgbBIYypsZtFNrtYBT06togqzKcEHu', '06012345010', 'QR010', 'carte-etudiant', 'E123465', 'photo_010.jpg', 1, 1, '2026-01-13 23:47:50'),
('Berrada', 'Tarik', 'tarik.berrada11@email.com', '$2a$12$2pYwxuH4wQBKUioe9EF6ZO2tgbBIYypsZtFNrtYBT06togqzKcEHu', '06012345011', 'QR011', 'carte-etudiant', 'E123466', 'photo_011.jpg', 1, 1, '2026-01-13 23:47:50'),
('Lahlou', 'Jihane', 'jihane.lahlou12@email.com', '$2a$12$2pYwxuH4wQBKUioe9EF6ZO2tgbBIYypsZtFNrtYBT06togqzKcEHu', '06012345012', 'QR012', 'passeport', 'P123467', 'photo_012.jpg', 1, 1, '2026-01-13 23:47:50'),
('Hilali', 'Ilyas', 'ilyas.hilali13@email.com', '$2a$12$2pYwxuH4wQBKUioe9EF6ZO2tgbBIYypsZtFNrtYBT06togqzKcEHu', '06012345013', 'QR013', 'passeport', 'P123468', 'photo_013.jpg', 1, 1, '2026-01-13 23:47:50'),
('El Amrani', 'Zineb', 'zineb.elamrani14@email.com', '$2a$12$2pYwxuH4wQBKUioe9EF6ZO2tgbBIYypsZtFNrtYBT06togqzKcEHu', '06012345014', 'QR014', 'carte-etudiant', 'E123469', 'photo_014.jpg', 1, 1, '2026-01-13 23:47:50'),
('Skalli', 'Jamal', 'jamal.skalli15@email.com', '$2a$12$2pYwxuH4wQBKUioe9EF6ZO2tgbBIYypsZtFNrtYBT06togqzKcEHu', '06012345015', 'QR015', 'carte-etudiant', 'E123470', 'photo_015.jpg', 1, 1, '2026-01-13 23:47:50'),
('Kadiri', 'Loubna', 'loubna.kadiri16@email.com', '$2a$12$2pYwxuH4wQBKUioe9EF6ZO2tgbBIYypsZtFNrtYBT06togqzKcEHu', '06012345016', 'QR016', 'CNI', 'A123471', 'photo_016.jpg', 1, 1, '2026-01-13 23:47:50'),
(823, 'Kadiri', 'Ilyas', 'ilyas.kadiri17@email.com', '$2a$12$2pYwxuH4wQBKUioe9EF6ZO2tgbBIYypsZtFNrtYBT06togqzKcEHu', '06012345017', 'QR017', 'carte-etudiant', 'E123472', 'photo_017.jpg', 1, 1, '2026-01-13 23:47:50'),
(824, 'Kettani', 'Leila', 'leila.kettani18@email.com', '$2a$12$2pYwxuH4wQBKUioe9EF6ZO2tgbBIYypsZtFNrtYBT06togqzKcEHu', '06012345018', 'QR018', 'carte-etudiant', 'E123473', 'photo_018.jpg', 1, 1, '2026-01-13 23:47:50'),
(825, 'Tounsi', 'Abdelilah', 'abdelilah.tounsi19@email.com', '$2a$12$2pYwxuH4wQBKUioe9EF6ZO2tgbBIYypsZtFNrtYBT06togqzKcEHu', '06012345019', 'QR019', 'passeport', 'P123474', 'photo_019.jpg', 1, 1, '2026-01-13 23:47:50'),
(826, 'Zahraoui', 'Ghita', 'ghita.zahraoui20@email.com', '$2a$12$2pYwxuH4wQBKUioe9EF6ZO2tgbBIYypsZtFNrtYBT06togqzKcEHu', '06012345020', 'QR020', 'carte-etudiant', 'E123475', 'photo_020.jpg', 1, 1, '2026-01-13 23:47:50'),
(827, 'Chakir', 'Karim', 'karim.chakir21@email.com', '$2a$12$2pYwxuH4wQBKUioe9EF6ZO2tgbBIYypsZtFNrtYBT06togqzKcEHu', '06012345021', 'QR021', 'carte-etudiant', 'E123476', 'photo_021.jpg', 1, 1, '2026-01-13 23:47:50'),
(828, 'Ouardi', 'Dounia', 'dounia.ouardi22@email.com', '$2a$12$2pYwxuH4wQBKUioe9EF6ZO2tgbBIYypsZtFNrtYBT06togqzKcEHu', '06012345022', 'QR022', 'passeport', 'P123477', 'photo_022.jpg', 1, 1, '2026-01-13 23:47:50'),
(829, 'Bennis', 'Omar', 'omar.bennis23@email.com', '$2a$12$2pYwxuH4wQBKUioe9EF6ZO2tgbBIYypsZtFNrtYBT06togqzKcEHu', '06012345023', 'QR023', 'CNI', 'A123478', 'photo_023.jpg', 1, 1, '2026-01-13 23:47:50'),
(830, 'Naciri', 'Houda', 'houda.naciri24@email.com', '$2a$12$2pYwxuH4wQBKUioe9EF6ZO2tgbBIYypsZtFNrtYBT06togqzKcEHu', '06012345024', 'QR024', 'passeport', 'P123479', 'photo_024.jpg', 1, 1, '2026-01-13 23:47:50'),
(831, 'Lazrak', 'Hamid', 'hamid.lazrak25@email.com', '$2a$12$2pYwxuH4wQBKUioe9EF6ZO2tgbBIYypsZtFNrtYBT06togqzKcEHu', '06012345025', 'QR025', 'CNI', 'A123480', 'photo_025.jpg', 1, 1, '2026-01-13 23:47:50'),
(832, 'Sqalli', 'Rim', 'rim.sqalli26@email.com', '$2a$12$2pYwxuH4wQBKUioe9EF6ZO2tgbBIYypsZtFNrtYBT06togqzKcEHu', '06012345026', 'QR026', 'CNI', 'A123481', 'photo_026.jpg', 1, 1, '2026-01-13 23:47:50'),
(833, 'Bouhsine', 'Soufiane', 'soufiane.bouhsine27@email.com', '$2a$12$2pYwxuH4wQBKUioe9EF6ZO2tgbBIYypsZtFNrtYBT06togqzKcEHu', '06012345027', 'QR027', 'passeport', 'P123482', 'photo_027.jpg', 1, 1, '2026-01-13 23:47:50'),
(834, 'Lazrak', 'Samia', 'samia.lazrak28@email.com', '$2a$12$2pYwxuH4wQBKUioe9EF6ZO2tgbBIYypsZtFNrtYBT06togqzKcEHu', '06012345028', 'QR028', 'CNI', 'A123483', 'photo_028.jpg', 1, 1, '2026-01-13 23:47:50'),
(835, 'Benslimane', 'Amine', 'amine.benslimane29@email.com', '$2a$12$2pYwxuH4wQBKUioe9EF6ZO2tgbBIYypsZtFNrtYBT06togqzKcEHu', '06012345029', 'QR029', 'carte-etudiant', 'E123484', 'photo_029.jpg', 1, 1, '2026-01-13 23:47:50'),
(836, 'Bekkali', 'Hasna', 'hasna.bekkali30@email.com', '$2a$12$2pYwxuH4wQBKUioe9EF6ZO2tgbBIYypsZtFNrtYBT06togqzKcEHu', '06012345030', 'QR030', 'CNI', 'A123485', 'photo_030.jpg', 1, 1, '2026-01-13 23:47:50'),
(837, 'Kadiri', 'Abdellah', 'abdellah.kadiri31@email.com', '$2a$12$2pYwxuH4wQBKUioe9EF6ZO2tgbBIYypsZtFNrtYBT06togqzKcEHu', '06012345031', 'QR031', 'CNI', 'A123486', 'photo_031.jpg', 1, 1, '2026-01-13 23:47:50'),
(838, 'Naciri', 'Jihane', 'jihane.naciri32@email.com', '$2a$12$2pYwxuH4wQBKUioe9EF6ZO2tgbBIYypsZtFNrtYBT06togqzKcEHu', '06012345032', 'QR032', 'passeport', 'P123487', 'photo_032.jpg', 1, 1, '2026-01-13 23:47:50'),
(839, 'Zaari', 'Abdellah', 'abdellah.zaari33@email.com', '$2a$12$2pYwxuH4wQBKUioe9EF6ZO2tgbBIYypsZtFNrtYBT06togqzKcEHu', '06012345033', 'QR033', 'passeport', 'P123488', 'photo_033.jpg', 1, 1, '2026-01-13 23:47:50'),
(840, 'Tahiri', 'Loubna', 'loubna.tahiri34@email.com', '$2a$12$2pYwxuH4wQBKUioe9EF6ZO2tgbBIYypsZtFNrtYBT06togqzKcEHu', '06012345034', 'QR034', 'passeport', 'P123489', 'photo_034.jpg', 1, 1, '2026-01-13 23:47:50'),
(841, 'Sefiani', 'Anass', 'anass.sefiani35@email.com', '$2a$12$2pYwxuH4wQBKUioe9EF6ZO2tgbBIYypsZtFNrtYBT06togqzKcEHu', '06012345035', 'QR035', 'carte-etudiant', 'E123490', 'photo_035.jpg', 1, 1, '2026-01-13 23:47:50'),
(842, 'Jaidi', 'Ghita', 'ghita.jaidi36@email.com', '$2a$12$2pYwxuH4wQBKUioe9EF6ZO2tgbBIYypsZtFNrtYBT06togqzKcEHu', '06012345036', 'QR036', 'carte-etudiant', 'E123491', 'photo_036.jpg', 1, 1, '2026-01-13 23:47:50'),
(843, 'Bouabid', 'Hamid', 'hamid.bouabid37@email.com', '$2a$12$2pYwxuH4wQBKUioe9EF6ZO2tgbBIYypsZtFNrtYBT06togqzKcEHu', '06012345037', 'QR037', 'CNI', 'A123492', 'photo_037.jpg', 1, 1, '2026-01-13 23:47:50'),
(844, 'Berrada', 'Houria', 'houria.berrada38@email.com', '$2a$12$2pYwxuH4wQBKUioe9EF6ZO2tgbBIYypsZtFNrtYBT06togqzKcEHu', '06012345038', 'QR038', 'carte-etudiant', 'E123493', 'photo_038.jpg', 1, 1, '2026-01-13 23:47:50'),
(845, 'Mrani', 'Zakaria', 'zakaria.mrani39@email.com', '$2a$12$2pYwxuH4wQBKUioe9EF6ZO2tgbBIYypsZtFNrtYBT06togqzKcEHu', '06012345039', 'QR039', 'carte-etudiant', 'E123494', 'photo_039.jpg', 1, 1, '2026-01-13 23:47:50'),
(846, 'Lamrani', 'Imane', 'imane.lamrani40@email.com', '$2a$12$2pYwxuH4wQBKUioe9EF6ZO2tgbBIYypsZtFNrtYBT06togqzKcEHu', '06012345040', 'QR040', 'passeport', 'P123495', 'photo_040.jpg', 1, 1, '2026-01-13 23:47:50'),
(847, 'Berrada', 'Omar', 'omar.berrada41@email.com', '$2a$12$2pYwxuH4wQBKUioe9EF6ZO2tgbBIYypsZtFNrtYBT06togqzKcEHu', '06012345041', 'QR041', 'CNI', 'A123496', 'photo_041.jpg', 1, 1, '2026-01-13 23:47:50'),
(848, 'Bensaid', 'Leila', 'leila.bensaid42@email.com', '$2a$12$2pYwxuH4wQBKUioe9EF6ZO2tgbBIYypsZtFNrtYBT06togqzKcEHu', '06012345042', 'QR042', 'carte-etudiant', 'E123497', 'photo_042.jpg', 1, 1, '2026-01-13 23:47:50'),
(849, 'Lamrani', 'Nabil', 'nabil.lamrani43@email.com', '$2a$12$2pYwxuH4wQBKUioe9EF6ZO2tgbBIYypsZtFNrtYBT06togqzKcEHu', '06012345043', 'QR043', 'carte-etudiant', 'E123498', 'photo_043.jpg', 1, 1, '2026-01-13 23:47:50'),
(850, 'Skalli', 'Sara', 'sara.skalli44@email.com', '$2a$12$2pYwxuH4wQBKUioe9EF6ZO2tgbBIYypsZtFNrtYBT06togqzKcEHu', '06012345044', 'QR044', 'CNI', 'A123499', 'photo_044.jpg', 1, 1, '2026-01-13 23:47:50'),
(851, 'Bouhsine', 'Ayoub', 'ayoub.bouhsine45@email.com', '$2a$12$2pYwxuH4wQBKUioe9EF6ZO2tgbBIYypsZtFNrtYBT06togqzKcEHu', '06012345045', 'QR045', 'passeport', 'P123500', 'photo_045.jpg', 1, 1, '2026-01-13 23:47:50'),
(852, 'Tounsi', 'Houda', 'houda.tounsi46@email.com', '$2a$12$2pYwxuH4wQBKUioe9EF6ZO2tgbBIYypsZtFNrtYBT06togqzKcEHu', '06012345046', 'QR046', 'carte-etudiant', 'E123501', 'photo_046.jpg', 1, 1, '2026-01-13 23:47:50'),
(853, 'Sefiani', 'Soufiane', 'soufiane.sefiani47@email.com', '$2a$12$2pYwxuH4wQBKUioe9EF6ZO2tgbBIYypsZtFNrtYBT06togqzKcEHu', '06012345047', 'QR047', 'passeport', 'P123502', 'photo_047.jpg', 1, 1, '2026-01-13 23:47:50'),
(854, 'Ouardi', 'Lamiae', 'lamiae.ouardi48@email.com', '$2a$12$2pYwxuH4wQBKUioe9EF6ZO2tgbBIYypsZtFNrtYBT06togqzKcEHu', '06012345048', 'QR048', 'CNI', 'A123503', 'photo_048.jpg', 1, 1, '2026-01-13 23:47:50'),
(855, 'Benslimane', 'Ismail', 'ismail.benslimane49@email.com', '$2a$12$2pYwxuH4wQBKUioe9EF6ZO2tgbBIYypsZtFNrtYBT06togqzKcEHu', '06012345049', 'QR049', 'carte-etudiant', 'E123504', 'photo_049.jpg', 1, 1, '2026-01-13 23:47:50'),
(856, 'Bouziane', 'Nadia', 'nadia.bouziane50@email.com', '$2a$12$2pYwxuH4wQBKUioe9EF6ZO2tgbBIYypsZtFNrtYBT06togqzKcEHu', '06012345050', 'QR050', 'carte-etudiant', 'E123505', 'photo_050.jpg', 1, 1, '2026-01-13 23:47:50'),
(857, 'Fassi', 'Anass', 'anass.fassi51@email.com', '$2a$12$2pYwxuH4wQBKUioe9EF6ZO2tgbBIYypsZtFNrtYBT06togqzKcEHu', '06012345051', 'QR051', 'carte-etudiant', 'E123506', 'photo_051.jpg', 1, 1, '2026-01-13 23:47:50'),
(858, 'Berrada', 'Salma', 'salma.berrada52@email.com', '$2a$12$2pYwxuH4wQBKUioe9EF6ZO2tgbBIYypsZtFNrtYBT06togqzKcEHu', '06012345052', 'QR052', 'passeport', 'P123507', 'photo_052.jpg', 1, 1, '2026-01-13 23:47:50'),
(859, 'Bouchentouf', 'Badr', 'badr.bouchentouf53@email.com', '$2a$12$2pYwxuH4wQBKUioe9EF6ZO2tgbBIYypsZtFNrtYBT06togqzKcEHu', '06012345053', 'QR053', 'carte-etudiant', 'E123508', 'photo_053.jpg', 1, 1, '2026-01-13 23:47:50'),
(860, 'Raji', 'Zineb', 'zineb.raji54@email.com', '$2a$12$2pYwxuH4wQBKUioe9EF6ZO2tgbBIYypsZtFNrtYBT06togqzKcEHu', '06012345054', 'QR054', 'CNI', 'A123509', 'photo_054.jpg', 1, 1, '2026-01-13 23:47:50'),
(861, 'Tazi', 'Hamza', 'hamza.tazi55@email.com', '$2a$12$2pYwxuH4wQBKUioe9EF6ZO2tgbBIYypsZtFNrtYBT06togqzKcEHu', '06012345055', 'QR055', 'passeport', 'P123510', 'photo_055.jpg', 1, 1, '2026-01-13 23:47:50'),
(862, 'Hajji', 'Samira', 'samira.hajji56@email.com', '$2a$12$2pYwxuH4wQBKUioe9EF6ZO2tgbBIYypsZtFNrtYBT06togqzKcEHu', '06012345056', 'QR056', 'CNI', 'A123511', 'photo_056.jpg', 1, 1, '2026-01-13 23:47:50'),
(863, 'Tazi', 'Ismail', 'ismail.tazi57@email.com', '$2a$12$2pYwxuH4wQBKUioe9EF6ZO2tgbBIYypsZtFNrtYBT06togqzKcEHu', '06012345057', 'QR057', 'carte-etudiant', 'E123512', 'photo_057.jpg', 1, 1, '2026-01-13 23:47:50'),
(864, 'Jilali', 'Sara', 'sara.jilali58@email.com', '$2a$12$2pYwxuH4wQBKUioe9EF6ZO2tgbBIYypsZtFNrtYBT06togqzKcEHu', '06012345058', 'QR058', 'carte-etudiant', 'E123513', 'photo_058.jpg', 1, 1, '2026-01-13 23:47:50'),
(865, 'Sefiani', 'Hicham', 'hicham.sefiani59@email.com', '$2a$12$2pYwxuH4wQBKUioe9EF6ZO2tgbBIYypsZtFNrtYBT06togqzKcEHu', '06012345059', 'QR059', 'passeport', 'P123514', 'photo_059.jpg', 1, 1, '2026-01-13 23:47:50'),
(866, 'Semlali', 'Meryem', 'meryem.semlali60@email.com', '$2a$12$2pYwxuH4wQBKUioe9EF6ZO2tgbBIYypsZtFNrtYBT06togqzKcEHu', '06012345060', 'QR060', 'CNI', 'A123515', 'photo_060.jpg', 1, 1, '2026-01-13 23:47:50'),
(867, 'Hajji', 'Saad', 'saad.hajji61@email.com', '$2a$12$2pYwxuH4wQBKUioe9EF6ZO2tgbBIYypsZtFNrtYBT06togqzKcEHu', '06012345061', 'QR061', 'passeport', 'P123516', 'photo_061.jpg', 1, 1, '2026-01-13 23:47:50'),
(868, 'Sabri', 'Imane', 'imane.sabri62@email.com', '$2a$12$2pYwxuH4wQBKUioe9EF6ZO2tgbBIYypsZtFNrtYBT06togqzKcEHu', '06012345062', 'QR062', 'CNI', 'A123517', 'photo_062.jpg', 1, 1, '2026-01-13 23:47:50'),
(869, 'Tahiri', 'Bilal', 'bilal.tahiri63@email.com', '$2a$12$2pYwxuH4wQBKUioe9EF6ZO2tgbBIYypsZtFNrtYBT06togqzKcEHu', '06012345063', 'QR063', 'CNI', 'A123518', 'photo_063.jpg', 1, 1, '2026-01-13 23:47:50'),
(870, 'Bensaid', 'Hanae', 'hanae.bensaid64@email.com', '$2a$12$2pYwxuH4wQBKUioe9EF6ZO2tgbBIYypsZtFNrtYBT06togqzKcEHu', '06012345064', 'QR064', 'carte-etudiant', 'E123519', 'photo_064.jpg', 1, 1, '2026-01-13 23:47:50'),
(871, 'Kabbaj', 'Karim', 'karim.kabbaj65@email.com', '$2a$12$2pYwxuH4wQBKUioe9EF6ZO2tgbBIYypsZtFNrtYBT06togqzKcEHu', '06012345065', 'QR065', 'carte-etudiant', 'E123520', 'photo_065.jpg', 1, 1, '2026-01-13 23:47:50'),
(872, 'Amrani', 'Ibtissam', 'ibtissam.amrani66@email.com', '$2a$12$2pYwxuH4wQBKUioe9EF6ZO2tgbBIYypsZtFNrtYBT06togqzKcEHu', '06012345066', 'QR066', 'CNI', 'A123521', 'photo_066.jpg', 1, 1, '2026-01-13 23:47:50'),
(873, 'Kabbaj', 'Nabil', 'nabil.kabbaj67@email.com', '$2a$12$2pYwxuH4wQBKUioe9EF6ZO2tgbBIYypsZtFNrtYBT06togqzKcEHu', '06012345067', 'QR067', 'passeport', 'P123522', 'photo_067.jpg', 1, 1, '2026-01-13 23:47:50'),
(874, 'Semlali', 'Ibtissam', 'ibtissam.semlali68@email.com', '$2a$12$2pYwxuH4wQBKUioe9EF6ZO2tgbBIYypsZtFNrtYBT06togqzKcEHu', '06012345068', 'QR068', 'CNI', 'A123523', 'photo_068.jpg', 1, 1, '2026-01-13 23:47:50'),
(875, 'Slaoui', 'Rachid', 'rachid.slaoui69@email.com', '$2a$12$2pYwxuH4wQBKUioe9EF6ZO2tgbBIYypsZtFNrtYBT06togqzKcEHu', '06012345069', 'QR069', 'CNI', 'A123524', 'photo_069.jpg', 1, 1, '2026-01-13 23:47:50'),
(876, 'Drissi', 'Soukaina', 'soukaina.drissi70@email.com', '$2a$12$2pYwxuH4wQBKUioe9EF6ZO2tgbBIYypsZtFNrtYBT06togqzKcEHu', '06012345070', 'QR070', 'carte-etudiant', 'E123525', 'photo_070.jpg', 1, 1, '2026-01-13 23:47:50'),
(877, 'Bennis', 'Karim', 'karim.bennis71@email.com', '$2a$12$2pYwxuH4wQBKUioe9EF6ZO2tgbBIYypsZtFNrtYBT06togqzKcEHu', '06012345071', 'QR071', 'carte-etudiant', 'E123526', 'photo_071.jpg', 1, 1, '2026-01-13 23:47:50'),
(878, 'Berrada', 'Salma', 'salma.berrada72@email.com', '$2a$12$2pYwxuH4wQBKUioe9EF6ZO2tgbBIYypsZtFNrtYBT06togqzKcEHu', '06012345072', 'QR072', 'passeport', 'P123527', 'photo_072.jpg', 1, 1, '2026-01-13 23:47:50'),
(879, 'Idrissi', 'Hamid', 'hamid.idrissi73@email.com', '$2a$12$2pYwxuH4wQBKUioe9EF6ZO2tgbBIYypsZtFNrtYBT06togqzKcEHu', '06012345073', 'QR073', 'CNI', 'A123528', 'photo_073.jpg', 1, 1, '2026-01-13 23:47:50'),
(880, 'Chraibi', 'Malika', 'malika.chraibi74@email.com', '$2a$12$2pYwxuH4wQBKUioe9EF6ZO2tgbBIYypsZtFNrtYBT06togqzKcEHu', '06012345074', 'QR074', 'carte-etudiant', 'E123529', 'photo_074.jpg', 1, 1, '2026-01-13 23:47:50'),
(881, 'Drissi', 'Rachid', 'rachid.drissi75@email.com', '$2a$12$2pYwxuH4wQBKUioe9EF6ZO2tgbBIYypsZtFNrtYBT06togqzKcEHu', '06012345075', 'QR075', 'carte-etudiant', 'E123530', 'photo_075.jpg', 1, 1, '2026-01-13 23:47:50'),
(882, 'Jilali', 'Malika', 'malika.jilali76@email.com', '$2a$12$2pYwxuH4wQBKUioe9EF6ZO2tgbBIYypsZtFNrtYBT06togqzKcEHu', '06012345076', 'QR076', 'passeport', 'P123531', 'photo_076.jpg', 1, 1, '2026-01-13 23:47:50'),
(883, 'El Amrani', 'Badr', 'badr.elamrani77@email.com', '$2a$12$2pYwxuH4wQBKUioe9EF6ZO2tgbBIYypsZtFNrtYBT06togqzKcEHu', '06012345077', 'QR077', 'CNI', 'A123532', 'photo_077.jpg', 1, 1, '2026-01-13 23:47:50'),
(884, 'Bennis', 'Samia', 'samia.bennis78@email.com', '$2a$12$2pYwxuH4wQBKUioe9EF6ZO2tgbBIYypsZtFNrtYBT06togqzKcEHu', '06012345078', 'QR078', 'passeport', 'P123533', 'photo_078.jpg', 1, 1, '2026-01-13 23:47:50'),
(885, 'Kettani', 'Abdelilah', 'abdelilah.kettani79@email.com', '$2a$12$2pYwxuH4wQBKUioe9EF6ZO2tgbBIYypsZtFNrtYBT06togqzKcEHu', '06012345079', 'QR079', 'CNI', 'A123534', 'photo_079.jpg', 1, 1, '2026-01-13 23:47:50'),
(886, 'El Amrani', 'Imane', 'imane.elamrani80@email.com', '$2a$12$2pYwxuH4wQBKUioe9EF6ZO2tgbBIYypsZtFNrtYBT06togqzKcEHu', '06012345080', 'QR080', 'CNI', 'A123535', 'photo_080.jpg', 1, 1, '2026-01-13 23:47:50'),
(887, 'Mrani', 'Omar', 'omar.mrani81@email.com', '$2a$12$2pYwxuH4wQBKUioe9EF6ZO2tgbBIYypsZtFNrtYBT06togqzKcEHu', '06012345081', 'QR081', 'CNI', 'A123536', 'photo_081.jpg', 1, 1, '2026-01-13 23:47:50'),
(888, 'Bouziane', 'Ibtissam', 'ibtissam.bouziane82@email.com', '$2a$12$2pYwxuH4wQBKUioe9EF6ZO2tgbBIYypsZtFNrtYBT06togqzKcEHu', '06012345082', 'QR082', 'carte-etudiant', 'E123537', 'photo_082.jpg', 1, 1, '2026-01-13 23:47:50'),
(889, 'Fassi', 'Youssef', 'youssef.fassi83@email.com', '$2a$12$2pYwxuH4wQBKUioe9EF6ZO2tgbBIYypsZtFNrtYBT06togqzKcEHu', '06012345083', 'QR083', 'CNI', 'A123538', 'photo_083.jpg', 1, 1, '2026-01-13 23:47:50'),
(890, 'Lamrani', 'Amina', 'amina.lamrani84@email.com', '$2a$12$2pYwxuH4wQBKUioe9EF6ZO2tgbBIYypsZtFNrtYBT06togqzKcEHu', '06012345084', 'QR084', 'carte-etudiant', 'E123539', 'photo_084.jpg', 1, 1, '2026-01-13 23:47:50'),
(891, 'Tounsi', 'Mohammed', 'mohammed.tounsi85@email.com', '$2a$12$2pYwxuH4wQBKUioe9EF6ZO2tgbBIYypsZtFNrtYBT06togqzKcEHu', '06012345085', 'QR085', 'carte-etudiant', 'E123540', 'photo_085.jpg', 1, 1, '2026-01-13 23:47:50'),
(892, 'Benslimane', 'Kenza', 'kenza.benslimane86@email.com', '$2a$12$2pYwxuH4wQBKUioe9EF6ZO2tgbBIYypsZtFNrtYBT06togqzKcEHu', '06012345086', 'QR086', 'CNI', 'A123541', 'photo_086.jpg', 1, 1, '2026-01-13 23:47:50'),
(893, 'Alami', 'Adil', 'adil.alami87@email.com', '$2a$12$2pYwxuH4wQBKUioe9EF6ZO2tgbBIYypsZtFNrtYBT06togqzKcEHu', '06012345087', 'QR087', 'passeport', 'P123542', 'photo_087.jpg', 1, 1, '2026-01-13 23:47:50'),
(894, 'Bennis', 'Dounia', 'dounia.bennis88@email.com', '$2a$12$2pYwxuH4wQBKUioe9EF6ZO2tgbBIYypsZtFNrtYBT06togqzKcEHu', '06012345088', 'QR088', 'passeport', 'P123543', 'photo_088.jpg', 1, 1, '2026-01-13 23:47:50'),
(895, 'Slaoui', 'Ismail', 'ismail.slaoui89@email.com', '$2a$12$2pYwxuH4wQBKUioe9EF6ZO2tgbBIYypsZtFNrtYBT06togqzKcEHu', '06012345089', 'QR089', 'CNI', 'A123544', 'photo_089.jpg', 1, 1, '2026-01-13 23:47:50'),
(896, 'Slaoui', 'Sara', 'sara.slaoui90@email.com', '$2a$12$2pYwxuH4wQBKUioe9EF6ZO2tgbBIYypsZtFNrtYBT06togqzKcEHu', '06012345090', 'QR090', 'passeport', 'P123545', 'photo_090.jpg', 1, 1, '2026-01-13 23:47:50'),
(897, 'Ouazzani', 'Adil', 'adil.ouazzani91@email.com', '$2a$12$2pYwxuH4wQBKUioe9EF6ZO2tgbBIYypsZtFNrtYBT06togqzKcEHu', '06012345091', 'QR091', 'passeport', 'P123546', 'photo_091.jpg', 1, 1, '2026-01-13 23:47:50'),
(898, 'Sefiani', 'Nadia', 'nadia.sefiani92@email.com', '$2a$12$2pYwxuH4wQBKUioe9EF6ZO2tgbBIYypsZtFNrtYBT06togqzKcEHu', '06012345092', 'QR092', 'CNI', 'A123547', 'photo_092.jpg', 1, 1, '2026-01-13 23:47:50'),
(899, 'Mrani', 'Soufiane', 'soufiane.mrani93@email.com', '$2a$12$2pYwxuH4wQBKUioe9EF6ZO2tgbBIYypsZtFNrtYBT06togqzKcEHu', '06012345093', 'QR093', 'passeport', 'P123548', 'photo_093.jpg', 1, 1, '2026-01-13 23:47:50'),
(900, 'Tounsi', 'Hasna', 'hasna.tounsi94@email.com', '$2a$12$2pYwxuH4wQBKUioe9EF6ZO2tgbBIYypsZtFNrtYBT06togqzKcEHu', '06012345094', 'QR094', 'carte-etudiant', 'E123549', 'photo_094.jpg', 1, 1, '2026-01-13 23:47:50'),
(901, 'Naciri', 'Yassine', 'yassine.naciri95@email.com', '$2a$12$2pYwxuH4wQBKUioe9EF6ZO2tgbBIYypsZtFNrtYBT06togqzKcEHu', '06012345095', 'QR095', 'passeport', 'P123550', 'photo_095.jpg', 1, 1, '2026-01-13 23:47:50'),
(902, 'Ghazali', 'Loubna', 'loubna.ghazali96@email.com', '$2a$12$2pYwxuH4wQBKUioe9EF6ZO2tgbBIYypsZtFNrtYBT06togqzKcEHu', '06012345096', 'QR096', 'CNI', 'A123551', 'photo_096.jpg', 1, 1, '2026-01-13 23:47:50'),
(903, 'Bouchentouf', 'Saad', 'saad.bouchentouf97@email.com', '$2a$12$2pYwxuH4wQBKUioe9EF6ZO2tgbBIYypsZtFNrtYBT06togqzKcEHu', '06012345097', 'QR097', 'CNI', 'A123552', 'photo_097.jpg', 1, 1, '2026-01-13 23:47:50'),
(904, 'Benjelloun', 'Btissam', 'btissam.benjelloun98@email.com', '$2a$12$2pYwxuH4wQBKUioe9EF6ZO2tgbBIYypsZtFNrtYBT06togqzKcEHu', '06012345098', 'QR098', 'CNI', 'A123553', 'photo_098.jpg', 1, 1, '2026-01-13 23:47:50'),
(905, 'Belghazi', 'Ayoub', 'ayoub.belghazi99@email.com', '$2a$12$2pYwxuH4wQBKUioe9EF6ZO2tgbBIYypsZtFNrtYBT06togqzKcEHu', '06012345099', 'QR099', 'CNI', 'A123554', 'photo_099.jpg', 1, 1, '2026-01-13 23:47:50'),
(906, 'Tahiri', 'Hanane', 'hanane.tahiri100@email.com', '$2a$12$2pYwxuH4wQBKUioe9EF6ZO2tgbBIYypsZtFNrtYBT06togqzKcEHu', '06012345100', 'QR100', 'CNI', 'A123555', 'photo_100.jpg', 1, 1, '2026-01-13 23:47:50'),
(907, 'Bekkali', 'Adil', 'adil.bekkali101@email.com', '$2a$12$2pYwxuH4wQBKUioe9EF6ZO2tgbBIYypsZtFNrtYBT06togqzKcEHu', '06012345101', 'QR101', 'carte-etudiant', 'E123556', 'photo_101.jpg', 1, 1, '2026-01-13 23:47:50'),
(908, 'Filali', 'Loubna', 'loubna.filali102@email.com', '$2a$12$2pYwxuH4wQBKUioe9EF6ZO2tgbBIYypsZtFNrtYBT06togqzKcEHu', '06012345102', 'QR102', 'passeport', 'P123557', 'photo_102.jpg', 1, 1, '2026-01-13 23:47:50'),
(909, 'El Amrani', 'Saad', 'saad.elamrani103@email.com', '$2a$12$2pYwxuH4wQBKUioe9EF6ZO2tgbBIYypsZtFNrtYBT06togqzKcEHu', '06012345103', 'QR103', 'CNI', 'A123558', 'photo_103.jpg', 1, 1, '2026-01-13 23:47:50'),
(910, 'Hilali', 'Imane', 'imane.hilali104@email.com', '$2a$12$2pYwxuH4wQBKUioe9EF6ZO2tgbBIYypsZtFNrtYBT06togqzKcEHu', '06012345104', 'QR104', 'CNI', 'A123559', 'photo_104.jpg', 1, 1, '2026-01-13 23:47:50'),
(911, 'Berrada', 'Aziz', 'aziz.berrada105@email.com', '$2a$12$2pYwxuH4wQBKUioe9EF6ZO2tgbBIYypsZtFNrtYBT06togqzKcEHu', '06012345105', 'QR105', 'passeport', 'P123560', 'photo_105.jpg', 1, 1, '2026-01-13 23:47:50'),
(912, 'Alaoui', 'Loubna', 'loubna.alaoui106@email.com', '$2a$12$2pYwxuH4wQBKUioe9EF6ZO2tgbBIYypsZtFNrtYBT06togqzKcEHu', '06012345106', 'QR106', 'CNI', 'A123561', 'photo_106.jpg', 1, 1, '2026-01-13 23:47:50'),
(913, 'Tounsi', 'Jamal', 'jamal.tounsi107@email.com', '$2a$12$2pYwxuH4wQBKUioe9EF6ZO2tgbBIYypsZtFNrtYBT06togqzKcEHu', '06012345107', 'QR107', 'passeport', 'P123562', 'photo_107.jpg', 1, 1, '2026-01-13 23:47:50'),
(914, 'Hilali', 'Sara', 'sara.hilali108@email.com', '$2a$12$2pYwxuH4wQBKUioe9EF6ZO2tgbBIYypsZtFNrtYBT06togqzKcEHu', '06012345108', 'QR108', 'CNI', 'A123563', 'photo_108.jpg', 1, 1, '2026-01-13 23:47:50'),
(915, 'Lazrak', 'Omar', 'omar.lazrak109@email.com', '$2a$12$2pYwxuH4wQBKUioe9EF6ZO2tgbBIYypsZtFNrtYBT06togqzKcEHu', '06012345109', 'QR109', 'passeport', 'P123564', 'photo_109.jpg', 1, 1, '2026-01-13 23:47:50'),
(916, 'Kabbaj', 'Leila', 'leila.kabbaj110@email.com', '$2a$12$2pYwxuH4wQBKUioe9EF6ZO2tgbBIYypsZtFNrtYBT06togqzKcEHu', '06012345110', 'QR110', 'passeport', 'P123565', 'photo_110.jpg', 1, 1, '2026-01-13 23:47:50'),
(917, 'Alami', 'Bilal', 'bilal.alami111@email.com', '$2a$12$2pYwxuH4wQBKUioe9EF6ZO2tgbBIYypsZtFNrtYBT06togqzKcEHu', '06012345111', 'QR111', 'carte-etudiant', 'E123566', 'photo_111.jpg', 1, 1, '2026-01-13 23:47:50'),
(918, 'Nejjar', 'Amina', 'amina.nejjar112@email.com', '$2a$12$2pYwxuH4wQBKUioe9EF6ZO2tgbBIYypsZtFNrtYBT06togqzKcEHu', '06012345112', 'QR112', 'passeport', 'P123567', 'photo_112.jpg', 1, 1, '2026-01-13 23:47:50'),
(919, 'Benabdallah', 'Aziz', 'aziz.benabdallah113@email.com', '$2a$12$2pYwxuH4wQBKUioe9EF6ZO2tgbBIYypsZtFNrtYBT06togqzKcEHu', '06012345113', 'QR113', 'passeport', 'P123568', 'photo_113.jpg', 1, 1, '2026-01-13 23:47:50'),
(920, 'Lahlou', 'Hanane', 'hanane.lahlou114@email.com', '$2a$12$2pYwxuH4wQBKUioe9EF6ZO2tgbBIYypsZtFNrtYBT06togqzKcEHu', '06012345114', 'QR114', 'CNI', 'A123569', 'photo_114.jpg', 1, 1, '2026-01-13 23:47:50'),
(921, 'Skalli', 'Mehdi', 'mehdi.skalli115@email.com', '$2a$12$2pYwxuH4wQBKUioe9EF6ZO2tgbBIYypsZtFNrtYBT06togqzKcEHu', '06012345115', 'QR115', 'passeport', 'P123570', 'photo_115.jpg', 1, 1, '2026-01-13 23:47:50'),
(922, 'Alami', 'Leila', 'leila.alami116@email.com', '$2a$12$2pYwxuH4wQBKUioe9EF6ZO2tgbBIYypsZtFNrtYBT06togqzKcEHu', '06012345116', 'QR116', 'CNI', 'A123571', 'photo_116.jpg', 1, 1, '2026-01-13 23:47:50'),
(923, 'Lazaar', 'Nabil', 'nabil.lazaar117@email.com', '$2a$12$2pYwxuH4wQBKUioe9EF6ZO2tgbBIYypsZtFNrtYBT06togqzKcEHu', '06012345117', 'QR117', 'passeport', 'P123572', 'photo_117.jpg', 1, 1, '2026-01-13 23:47:50'),
(924, 'Chakir', 'Sara', 'sara.chakir118@email.com', '$2a$12$2pYwxuH4wQBKUioe9EF6ZO2tgbBIYypsZtFNrtYBT06togqzKcEHu', '06012345118', 'QR118', 'passeport', 'P123573', 'photo_118.jpg', 1, 1, '2026-01-13 23:47:50'),
(925, 'Ouardi', 'Driss', 'driss.ouardi119@email.com', '$2a$12$2pYwxuH4wQBKUioe9EF6ZO2tgbBIYypsZtFNrtYBT06togqzKcEHu', '06012345119', 'QR119', 'CNI', 'A123574', 'photo_119.jpg', 1, 1, '2026-01-13 23:47:50'),
(926, 'Idrissi', 'Salma', 'salma.idrissi120@email.com', '$2a$12$2pYwxuH4wQBKUioe9EF6ZO2tgbBIYypsZtFNrtYBT06togqzKcEHu', '06012345120', 'QR120', 'carte-etudiant', 'E123575', 'photo_120.jpg', 1, 1, '2026-01-13 23:47:50'),
(927, 'Berrada', 'Nabil', 'nabil.berrada121@email.com', '$2a$12$2pYwxuH4wQBKUioe9EF6ZO2tgbBIYypsZtFNrtYBT06togqzKcEHu', '06012345121', 'QR121', 'carte-etudiant', 'E123576', 'photo_121.jpg', 1, 1, '2026-01-13 23:47:50'),
(928, 'Tazi', 'Chaimae', 'chaimae.tazi122@email.com', '$2a$12$2pYwxuH4wQBKUioe9EF6ZO2tgbBIYypsZtFNrtYBT06togqzKcEHu', '06012345122', 'QR122', 'passeport', 'P123577', 'photo_122.jpg', 1, 1, '2026-01-13 23:47:50'),
(929, 'Hajji', 'Othman', 'othman.hajji123@email.com', '$2a$12$2pYwxuH4wQBKUioe9EF6ZO2tgbBIYypsZtFNrtYBT06togqzKcEHu', '06012345123', 'QR123', 'carte-etudiant', 'E123578', 'photo_123.jpg', 1, 1, '2026-01-13 23:47:50'),
(930, 'Ghazali', 'Fatima', 'fatima.ghazali124@email.com', '$2a$12$2pYwxuH4wQBKUioe9EF6ZO2tgbBIYypsZtFNrtYBT06togqzKcEHu', '06012345124', 'QR124', 'carte-etudiant', 'E123579', 'photo_124.jpg', 1, 1, '2026-01-13 23:47:50'),
(931, 'Ghazali', 'Saad', 'saad.ghazali125@email.com', '$2a$12$2pYwxuH4wQBKUioe9EF6ZO2tgbBIYypsZtFNrtYBT06togqzKcEHu', '06012345125', 'QR125', 'passeport', 'P123580', 'photo_125.jpg', 1, 1, '2026-01-13 23:47:50'),
(932, 'Benslimane', 'Zineb', 'zineb.benslimane126@email.com', '$2a$12$2pYwxuH4wQBKUioe9EF6ZO2tgbBIYypsZtFNrtYBT06togqzKcEHu', '06012345126', 'QR126', 'carte-etudiant', 'E123581', 'photo_126.jpg', 1, 1, '2026-01-13 23:47:50'),
(933, 'Fassi', 'Mohammed', 'mohammed.fassi127@email.com', '$2a$12$2pYwxuH4wQBKUioe9EF6ZO2tgbBIYypsZtFNrtYBT06togqzKcEHu', '06012345127', 'QR127', 'carte-etudiant', 'E123582', 'photo_127.jpg', 1, 1, '2026-01-13 23:47:50'),
(934, 'Benjelloun', 'Hanae', 'hanae.benjelloun128@email.com', '$2a$12$2pYwxuH4wQBKUioe9EF6ZO2tgbBIYypsZtFNrtYBT06togqzKcEHu', '06012345128', 'QR128', 'passeport', 'P123583', 'photo_128.jpg', 1, 1, '2026-01-13 23:47:50'),
(935, 'Tounsi', 'Khalid', 'khalid.tounsi129@email.com', '$2a$12$2pYwxuH4wQBKUioe9EF6ZO2tgbBIYypsZtFNrtYBT06togqzKcEHu', '06012345129', 'QR129', 'CNI', 'A123584', 'photo_129.jpg', 1, 1, '2026-01-13 23:47:50'),
(936, 'Tahiri', 'Houda', 'houda.tahiri130@email.com', '$2a$12$2pYwxuH4wQBKUioe9EF6ZO2tgbBIYypsZtFNrtYBT06togqzKcEHu', '06012345130', 'QR130', 'carte-etudiant', 'E123585', 'photo_130.jpg', 1, 1, '2026-01-13 23:47:50'),
(937, 'Tounsi', 'Saad', 'saad.tounsi131@email.com', '$2a$12$2pYwxuH4wQBKUioe9EF6ZO2tgbBIYypsZtFNrtYBT06togqzKcEHu', '06012345131', 'QR131', 'carte-etudiant', 'E123586', 'photo_131.jpg', 1, 1, '2026-01-13 23:47:50'),
(938, 'Ouazzani', 'Amina', 'amina.ouazzani132@email.com', '$2a$12$2pYwxuH4wQBKUioe9EF6ZO2tgbBIYypsZtFNrtYBT06togqzKcEHu', '06012345132', 'QR132', 'CNI', 'A123587', 'photo_132.jpg', 1, 1, '2026-01-13 23:47:50'),
(939, 'Benjelloun', 'Ilyas', 'ilyas.benjelloun133@email.com', '$2a$12$2pYwxuH4wQBKUioe9EF6ZO2tgbBIYypsZtFNrtYBT06togqzKcEHu', '06012345133', 'QR133', 'carte-etudiant', 'E123588', 'photo_133.jpg', 1, 1, '2026-01-13 23:47:50'),
(940, 'Moussaoui', 'Nadia', 'nadia.moussaoui134@email.com', '$2a$12$2pYwxuH4wQBKUioe9EF6ZO2tgbBIYypsZtFNrtYBT06togqzKcEHu', '06012345134', 'QR134', 'passeport', 'P123589', 'photo_134.jpg', 1, 1, '2026-01-13 23:47:50'),
(941, 'Ghazali', 'Tarik', 'tarik.ghazali135@email.com', '$2a$12$2pYwxuH4wQBKUioe9EF6ZO2tgbBIYypsZtFNrtYBT06togqzKcEHu', '06012345135', 'QR135', 'CNI', 'A123590', 'photo_135.jpg', 1, 1, '2026-01-13 23:47:50'),
(942, 'Hajji', 'Zineb', 'zineb.hajji136@email.com', '$2a$12$2pYwxuH4wQBKUioe9EF6ZO2tgbBIYypsZtFNrtYBT06togqzKcEHu', '06012345136', 'QR136', 'carte-etudiant', 'E123591', 'photo_136.jpg', 1, 1, '2026-01-13 23:47:50'),
(943, 'Ouazzani', 'Ayoub', 'ayoub.ouazzani137@email.com', '$2a$12$2pYwxuH4wQBKUioe9EF6ZO2tgbBIYypsZtFNrtYBT06togqzKcEHu', '06012345137', 'QR137', 'carte-etudiant', 'E123592', 'photo_137.jpg', 1, 1, '2026-01-13 23:47:50'),
(944, 'Lazaar', 'Soukaina', 'soukaina.lazaar138@email.com', '$2a$12$2pYwxuH4wQBKUioe9EF6ZO2tgbBIYypsZtFNrtYBT06togqzKcEHu', '06012345138', 'QR138', 'carte-etudiant', 'E123593', 'photo_138.jpg', 1, 1, '2026-01-13 23:47:50'),
(945, 'Kadiri', 'Ismail', 'ismail.kadiri139@email.com', '$2a$12$2pYwxuH4wQBKUioe9EF6ZO2tgbBIYypsZtFNrtYBT06togqzKcEHu', '06012345139', 'QR139', 'CNI', 'A123594', 'photo_139.jpg', 1, 1, '2026-01-13 23:47:50'),
(946, 'Sefiani', 'Zineb', 'zineb.sefiani140@email.com', '$2a$12$2pYwxuH4wQBKUioe9EF6ZO2tgbBIYypsZtFNrtYBT06togqzKcEHu', '06012345140', 'QR140', 'passeport', 'P123595', 'photo_140.jpg', 1, 1, '2026-01-13 23:47:50'),
(947, 'Sekkat', 'Khalid', 'khalid.sekkat141@email.com', '$2a$12$2pYwxuH4wQBKUioe9EF6ZO2tgbBIYypsZtFNrtYBT06togqzKcEHu', '06012345141', 'QR141', 'CNI', 'A123596', 'photo_141.jpg', 1, 1, '2026-01-13 23:47:50'),
(948, 'Elharrak', 'Hafsa', 'hafsa.elharrak142@email.com', '$2a$12$2pYwxuH4wQBKUioe9EF6ZO2tgbBIYypsZtFNrtYBT06togqzKcEHu', '06012345142', 'QR142', 'passeport', 'P123597', 'photo_142.jpg', 1, 1, '2026-01-13 23:47:50'),
(949, 'Bennani', 'Abderrahim', 'abderrahim.bennani143@email.com', '$2a$12$2pYwxuH4wQBKUioe9EF6ZO2tgbBIYypsZtFNrtYBT06togqzKcEHu', '06012345143', 'QR143', 'CNI', 'A123598', 'photo_143.jpg', 1, 1, '2026-01-13 23:47:50'),
(950, 'Benjelloun', 'Salma', 'salma.benjelloun144@email.com', '$2a$12$2pYwxuH4wQBKUioe9EF6ZO2tgbBIYypsZtFNrtYBT06togqzKcEHu', '06012345144', 'QR144', 'passeport', 'P123599', 'photo_144.jpg', 1, 1, '2026-01-13 23:47:50'),
(951, 'Zahraoui', 'Fouad', 'fouad.zahraoui145@email.com', '$2a$12$2pYwxuH4wQBKUioe9EF6ZO2tgbBIYypsZtFNrtYBT06togqzKcEHu', '06012345145', 'QR145', 'carte-etudiant', 'E123600', 'photo_145.jpg', 1, 1, '2026-01-13 23:47:50'),
(952, 'Nejjar', 'Zineb', 'zineb.nejjar146@email.com', '$2a$12$2pYwxuH4wQBKUioe9EF6ZO2tgbBIYypsZtFNrtYBT06togqzKcEHu', '06012345146', 'QR146', 'carte-etudiant', 'E123601', 'photo_146.jpg', 1, 1, '2026-01-13 23:47:50'),
(953, 'Hassani', 'Mourad', 'mourad.hassani147@email.com', '$2a$12$2pYwxuH4wQBKUioe9EF6ZO2tgbBIYypsZtFNrtYBT06togqzKcEHu', '06012345147', 'QR147', 'passeport', 'P123602', 'photo_147.jpg', 1, 1, '2026-01-13 23:47:50'),
(954, 'Ghazali', 'Lamiae', 'lamiae.ghazali148@email.com', '$2a$12$2pYwxuH4wQBKUioe9EF6ZO2tgbBIYypsZtFNrtYBT06togqzKcEHu', '06012345148', 'QR148', 'passeport', 'P123603', 'photo_148.jpg', 1, 1, '2026-01-13 23:47:50'),
(955, 'Elharrak', 'Amine', 'amine.elharrak149@email.com', '$2a$12$2pYwxuH4wQBKUioe9EF6ZO2tgbBIYypsZtFNrtYBT06togqzKcEHu', '06012345149', 'QR149', 'CNI', 'A123604', 'photo_149.jpg', 1, 1, '2026-01-13 23:47:50'),
(956, 'Fassi', 'Meryem', 'meryem.fassi150@email.com', '$2a$12$2pYwxuH4wQBKUioe9EF6ZO2tgbBIYypsZtFNrtYBT06togqzKcEHu', '06012345150', 'QR150', 'CNI', 'A123605', 'photo_150.jpg', 1, 1, '2026-01-13 23:47:50'),
(957, 'Bouabid', 'Mehdi', 'mehdi.bouabid151@email.com', '$2a$12$2pYwxuH4wQBKUioe9EF6ZO2tgbBIYypsZtFNrtYBT06togqzKcEHu', '06012345151', 'QR151', 'carte-etudiant', 'E123606', 'photo_151.jpg', 1, 1, '2026-01-13 23:47:50'),
(958, 'Tazi', 'Nadia', 'nadia.tazi152@email.com', '$2a$12$2pYwxuH4wQBKUioe9EF6ZO2tgbBIYypsZtFNrtYBT06togqzKcEHu', '06012345152', 'QR152', 'CNI', 'A123607', 'photo_152.jpg', 1, 1, '2026-01-13 23:47:50'),
(959, 'Benslimane', 'Mohammed', 'mohammed.benslimane153@email.com', '$2a$12$2pYwxuH4wQBKUioe9EF6ZO2tgbBIYypsZtFNrtYBT06togqzKcEHu', '06012345153', 'QR153', 'carte-etudiant', 'E123608', 'photo_153.jpg', 1, 1, '2026-01-13 23:47:50'),
(960, 'Idrissi', 'Loubna', 'loubna.idrissi154@email.com', '$2a$12$2pYwxuH4wQBKUioe9EF6ZO2tgbBIYypsZtFNrtYBT06togqzKcEHu', '06012345154', 'QR154', 'carte-etudiant', 'E123609', 'photo_154.jpg', 1, 1, '2026-01-13 23:47:50'),
(961, 'Moussaoui', 'Mourad', 'mourad.moussaoui155@email.com', '$2a$12$2pYwxuH4wQBKUioe9EF6ZO2tgbBIYypsZtFNrtYBT06togqzKcEHu', '06012345155', 'QR155', 'CNI', 'A123610', 'photo_155.jpg', 1, 1, '2026-01-13 23:47:50'),
(962, 'Bennani', 'Lamiae', 'lamiae.bennani156@email.com', '$2a$12$2pYwxuH4wQBKUioe9EF6ZO2tgbBIYypsZtFNrtYBT06togqzKcEHu', '06012345156', 'QR156', 'passeport', 'P123611', 'photo_156.jpg', 1, 1, '2026-01-13 23:47:50'),
(963, 'Bouabid', 'Oussama', 'oussama.bouabid157@email.com', '$2a$12$2pYwxuH4wQBKUioe9EF6ZO2tgbBIYypsZtFNrtYBT06togqzKcEHu', '06012345157', 'QR157', 'passeport', 'P123612', 'photo_157.jpg', 1, 1, '2026-01-13 23:47:50'),
(964, 'El Amrani', 'Meriem', 'meriem.elamrani158@email.com', '$2a$12$2pYwxuH4wQBKUioe9EF6ZO2tgbBIYypsZtFNrtYBT06togqzKcEHu', '06012345158', 'QR158', 'carte-etudiant', 'E123613', 'photo_158.jpg', 1, 1, '2026-01-13 23:47:50'),
(965, 'Zaki', 'Walid', 'walid.zaki159@email.com', '$2a$12$2pYwxuH4wQBKUioe9EF6ZO2tgbBIYypsZtFNrtYBT06togqzKcEHu', '06012345159', 'QR159', 'CNI', 'A123614', 'photo_159.jpg', 1, 1, '2026-01-13 23:47:50'),
(966, 'Ouazzani', 'Hafsa', 'hafsa.ouazzani160@email.com', '$2a$12$2pYwxuH4wQBKUioe9EF6ZO2tgbBIYypsZtFNrtYBT06togqzKcEHu', '06012345160', 'QR160', 'carte-etudiant', 'E123615', 'photo_160.jpg', 1, 1, '2026-01-13 23:47:50'),
(967, 'Filali', 'Badr', 'badr.filali161@email.com', '$2a$12$2pYwxuH4wQBKUioe9EF6ZO2tgbBIYypsZtFNrtYBT06togqzKcEHu', '06012345161', 'QR161', 'passeport', 'P123616', 'photo_161.jpg', 1, 1, '2026-01-13 23:47:50'),
(968, 'Bekkali', 'Hafsa', 'hafsa.bekkali162@email.com', '$2a$12$2pYwxuH4wQBKUioe9EF6ZO2tgbBIYypsZtFNrtYBT06togqzKcEHu', '06012345162', 'QR162', 'passeport', 'P123617', 'photo_162.jpg', 1, 1, '2026-01-13 23:47:50'),
(969, 'Ghazali', 'Abdelilah', 'abdelilah.ghazali163@email.com', '$2a$12$2pYwxuH4wQBKUioe9EF6ZO2tgbBIYypsZtFNrtYBT06togqzKcEHu', '06012345163', 'QR163', 'carte-etudiant', 'E123618', 'photo_163.jpg', 1, 1, '2026-01-13 23:47:50'),
(970, 'Nejjar', 'Hasna', 'hasna.nejjar164@email.com', '$2a$12$2pYwxuH4wQBKUioe9EF6ZO2tgbBIYypsZtFNrtYBT06togqzKcEHu', '06012345164', 'QR164', 'CNI', 'A123619', 'photo_164.jpg', 1, 1, '2026-01-13 23:47:50'),
(971, 'Slimani', 'Khalid', 'khalid.slimani165@email.com', '$2a$12$2pYwxuH4wQBKUioe9EF6ZO2tgbBIYypsZtFNrtYBT06togqzKcEHu', '06012345165', 'QR165', 'CNI', 'A123620', 'photo_165.jpg', 1, 1, '2026-01-13 23:47:50'),
(972, 'Ouazzani', 'Siham', 'siham.ouazzani166@email.com', '$2a$12$2pYwxuH4wQBKUioe9EF6ZO2tgbBIYypsZtFNrtYBT06togqzKcEHu', '06012345166', 'QR166', 'CNI', 'A123621', 'photo_166.jpg', 1, 1, '2026-01-13 23:47:50'),
(973, 'Bouziane', 'Jalal', 'jalal.bouziane167@email.com', '$2a$12$2pYwxuH4wQBKUioe9EF6ZO2tgbBIYypsZtFNrtYBT06togqzKcEHu', '06012345167', 'QR167', 'CNI', 'A123622', 'photo_167.jpg', 1, 1, '2026-01-13 23:47:50'),
(974, 'Drissi', 'Wafa', 'wafa.drissi168@email.com', '$2a$12$2pYwxuH4wQBKUioe9EF6ZO2tgbBIYypsZtFNrtYBT06togqzKcEHu', '06012345168', 'QR168', 'CNI', 'A123623', 'photo_168.jpg', 1, 1, '2026-01-13 23:47:50'),
(975, 'Nejjar', 'Tarik', 'tarik.nejjar169@email.com', '$2a$12$2pYwxuH4wQBKUioe9EF6ZO2tgbBIYypsZtFNrtYBT06togqzKcEHu', '06012345169', 'QR169', 'carte-etudiant', 'E123624', 'photo_169.jpg', 1, 1, '2026-01-13 23:47:50'),
(976, 'Hassani', 'Leila', 'leila.hassani170@email.com', '$2a$12$2pYwxuH4wQBKUioe9EF6ZO2tgbBIYypsZtFNrtYBT06togqzKcEHu', '06012345170', 'QR170', 'carte-etudiant', 'E123625', 'photo_170.jpg', 1, 1, '2026-01-13 23:47:50'),
(977, 'Chafi', 'Bilal', 'bilal.chafi171@email.com', '$2a$12$2pYwxuH4wQBKUioe9EF6ZO2tgbBIYypsZtFNrtYBT06togqzKcEHu', '06012345171', 'QR171', 'CNI', 'A123626', 'photo_171.jpg', 1, 1, '2026-01-13 23:47:50'),
(978, 'Jilali', 'Malika', 'malika.jilali172@email.com', '$2a$12$2pYwxuH4wQBKUioe9EF6ZO2tgbBIYypsZtFNrtYBT06togqzKcEHu', '06012345172', 'QR172', 'carte-etudiant', 'E123627', 'photo_172.jpg', 1, 1, '2026-01-13 23:47:50'),
(979, 'Elharrak', 'Othman', 'othman.elharrak173@email.com', '$2a$12$2pYwxuH4wQBKUioe9EF6ZO2tgbBIYypsZtFNrtYBT06togqzKcEHu', '06012345173', 'QR173', 'passeport', 'P123628', 'photo_173.jpg', 1, 1, '2026-01-13 23:47:50'),
(980, 'Lemrani', 'Zineb', 'zineb.lemrani174@email.com', '$2a$12$2pYwxuH4wQBKUioe9EF6ZO2tgbBIYypsZtFNrtYBT06togqzKcEHu', '06012345174', 'QR174', 'CNI', 'A123629', 'photo_174.jpg', 1, 1, '2026-01-13 23:47:50'),
(981, 'Bensaid', 'Walid', 'walid.bensaid175@email.com', '$2a$12$2pYwxuH4wQBKUioe9EF6ZO2tgbBIYypsZtFNrtYBT06togqzKcEHu', '06012345175', 'QR175', 'carte-etudiant', 'E123630', 'photo_175.jpg', 1, 1, '2026-01-13 23:47:50'),
(982, 'Ouahabi', 'Chaimae', 'chaimae.ouahabi176@email.com', '$2a$12$2pYwxuH4wQBKUioe9EF6ZO2tgbBIYypsZtFNrtYBT06togqzKcEHu', '06012345176', 'QR176', 'passeport', 'P123631', 'photo_176.jpg', 1, 1, '2026-01-13 23:47:50'),
(983, 'Bouabid', 'Soufiane', 'soufiane.bouabid177@email.com', '$2a$12$2pYwxuH4wQBKUioe9EF6ZO2tgbBIYypsZtFNrtYBT06togqzKcEHu', '06012345177', 'QR177', 'CNI', 'A123632', 'photo_177.jpg', 1, 1, '2026-01-13 23:47:50'),
(984, 'Naciri', 'Naoual', 'naoual.naciri178@email.com', '$2a$12$2pYwxuH4wQBKUioe9EF6ZO2tgbBIYypsZtFNrtYBT06togqzKcEHu', '06012345178', 'QR178', 'passeport', 'P123633', 'photo_178.jpg', 1, 1, '2026-01-13 23:47:50'),
(985, 'Mrani', 'Oussama', 'oussama.mrani179@email.com', '$2a$12$2pYwxuH4wQBKUioe9EF6ZO2tgbBIYypsZtFNrtYBT06togqzKcEHu', '06012345179', 'QR179', 'carte-etudiant', 'E123634', 'photo_179.jpg', 1, 1, '2026-01-13 23:47:50'),
(986, 'Tazi', 'Samira', 'samira.tazi180@email.com', '$2a$12$2pYwxuH4wQBKUioe9EF6ZO2tgbBIYypsZtFNrtYBT06togqzKcEHu', '06012345180', 'QR180', 'passeport', 'P123635', 'photo_180.jpg', 1, 1, '2026-01-13 23:47:50'),
(987, 'Bouabid', 'Ilyas', 'ilyas.bouabid181@email.com', '$2a$12$2pYwxuH4wQBKUioe9EF6ZO2tgbBIYypsZtFNrtYBT06togqzKcEHu', '06012345181', 'QR181', 'passeport', 'P123636', 'photo_181.jpg', 1, 1, '2026-01-13 23:47:50'),
(988, 'Berrada', 'Hanae', 'hanae.berrada182@email.com', '$2a$12$2pYwxuH4wQBKUioe9EF6ZO2tgbBIYypsZtFNrtYBT06togqzKcEHu', '06012345182', 'QR182', 'carte-etudiant', 'E123637', 'photo_182.jpg', 1, 1, '2026-01-13 23:47:50'),
(989, 'El Amrani', 'Tarik', 'tarik.elamrani183@email.com', '$2a$12$2pYwxuH4wQBKUioe9EF6ZO2tgbBIYypsZtFNrtYBT06togqzKcEHu', '06012345183', 'QR183', 'passeport', 'P123638', 'photo_183.jpg', 1, 1, '2026-01-13 23:47:50'),
(990, 'Lazrak', 'Ibtissam', 'ibtissam.lazrak184@email.com', '$2a$12$2pYwxuH4wQBKUioe9EF6ZO2tgbBIYypsZtFNrtYBT06togqzKcEHu', '06012345184', 'QR184', 'CNI', 'A123639', 'photo_184.jpg', 1, 1, '2026-01-13 23:47:50'),
(991, 'Mansouri', 'Adil', 'adil.mansouri185@email.com', '$2a$12$2pYwxuH4wQBKUioe9EF6ZO2tgbBIYypsZtFNrtYBT06togqzKcEHu', '06012345185', 'QR185', 'carte-etudiant', 'E123640', 'photo_185.jpg', 1, 1, '2026-01-13 23:47:50'),
(992, 'Sekkat', 'Meriem', 'meriem.sekkat186@email.com', '$2a$12$2pYwxuH4wQBKUioe9EF6ZO2tgbBIYypsZtFNrtYBT06togqzKcEHu', '06012345186', 'QR186', 'passeport', 'P123641', 'photo_186.jpg', 1, 1, '2026-01-13 23:47:50'),
(993, 'Raji', 'Soufiane', 'soufiane.raji187@email.com', '$2a$12$2pYwxuH4wQBKUioe9EF6ZO2tgbBIYypsZtFNrtYBT06togqzKcEHu', '06012345187', 'QR187', 'carte-etudiant', 'E123642', 'photo_187.jpg', 1, 1, '2026-01-13 23:47:50'),
(994, 'Bennis', 'Jihane', 'jihane.bennis188@email.com', '$2a$12$2pYwxuH4wQBKUioe9EF6ZO2tgbBIYypsZtFNrtYBT06togqzKcEHu', '06012345188', 'QR188', 'CNI', 'A123643', 'photo_188.jpg', 1, 1, '2026-01-13 23:47:50'),
(995, 'Drissi', 'Fouad', 'fouad.drissi189@email.com', '$2a$12$2pYwxuH4wQBKUioe9EF6ZO2tgbBIYypsZtFNrtYBT06togqzKcEHu', '06012345189', 'QR189', 'CNI', 'A123644', 'photo_189.jpg', 1, 1, '2026-01-13 23:47:50'),
(996, 'Jilali', 'Hasna', 'hasna.jilali190@email.com', '$2a$12$2pYwxuH4wQBKUioe9EF6ZO2tgbBIYypsZtFNrtYBT06togqzKcEHu', '06012345190', 'QR190', 'carte-etudiant', 'E123645', 'photo_190.jpg', 1, 1, '2026-01-13 23:47:50'),
(997, 'Ouazzani', 'Rachid', 'rachid.ouazzani191@email.com', '$2a$12$2pYwxuH4wQBKUioe9EF6ZO2tgbBIYypsZtFNrtYBT06togqzKcEHu', '06012345191', 'QR191', 'CNI', 'A123646', 'photo_191.jpg', 1, 1, '2026-01-13 23:47:50'),
(998, 'Kettani', 'Meryem', 'meryem.kettani192@email.com', '$2a$12$2pYwxuH4wQBKUioe9EF6ZO2tgbBIYypsZtFNrtYBT06togqzKcEHu', '06012345192', 'QR192', 'carte-etudiant', 'E123647', 'photo_192.jpg', 1, 1, '2026-01-13 23:47:50'),
(999, 'Bennani', 'Walid', 'walid.bennani193@email.com', '$2a$12$2pYwxuH4wQBKUioe9EF6ZO2tgbBIYypsZtFNrtYBT06togqzKcEHu', '06012345193', 'QR193', 'carte-etudiant', 'E123648', 'photo_193.jpg', 1, 1, '2026-01-13 23:47:50'),
(1000, 'Tounsi', 'Jihane', 'jihane.tounsi194@email.com', '$2a$12$2pYwxuH4wQBKUioe9EF6ZO2tgbBIYypsZtFNrtYBT06togqzKcEHu', '06012345194', 'QR194', 'CNI', 'A123649', 'photo_194.jpg', 1, 1, '2026-01-13 23:47:50'),
(1001, 'Mansouri', 'Omar', 'omar.mansouri195@email.com', '$2a$12$2pYwxuH4wQBKUioe9EF6ZO2tgbBIYypsZtFNrtYBT06togqzKcEHu', '06012345195', 'QR195', 'carte-etudiant', 'E123650', 'photo_195.jpg', 1, 1, '2026-01-13 23:47:50'),
(1002, 'Zaki', 'Lamiae', 'lamiae.zaki196@email.com', '$2a$12$2pYwxuH4wQBKUioe9EF6ZO2tgbBIYypsZtFNrtYBT06togqzKcEHu', '06012345196', 'QR196', 'carte-etudiant', 'E123651', 'photo_196.jpg', 1, 1, '2026-01-13 23:47:50'),
(1003, 'Tazi', 'Othman', 'othman.tazi197@email.com', '$2a$12$2pYwxuH4wQBKUioe9EF6ZO2tgbBIYypsZtFNrtYBT06togqzKcEHu', '06012345197', 'QR197', 'carte-etudiant', 'E123652', 'photo_197.jpg', 1, 1, '2026-01-13 23:47:50'),
(1004, 'Alaoui', 'Meriem', 'meriem.alaoui198@email.com', '$2a$12$2pYwxuH4wQBKUioe9EF6ZO2tgbBIYypsZtFNrtYBT06togqzKcEHu', '06012345198', 'QR198', 'passeport', 'P123653', 'photo_198.jpg', 1, 1, '2026-01-13 23:47:50'),
(1005, 'Alami', 'Amine', 'amine.alami199@email.com', '$2a$12$2pYwxuH4wQBKUioe9EF6ZO2tgbBIYypsZtFNrtYBT06togqzKcEHu', '06012345199', 'QR199', 'CNI', 'A123654', 'photo_199.jpg', 1, 1, '2026-01-13 23:47:50'),
(1006, 'El Amrani', 'Ghita', 'ghita.elamrani200@email.com', '$2a$12$2pYwxuH4wQBKUioe9EF6ZO2tgbBIYypsZtFNrtYBT06togqzKcEHu', '06012345200', 'QR200', 'carte-etudiant', 'E123655', 'photo_200.jpg', 1, 1, '2026-01-13 23:47:50'),
(1007, 'Sqalli', 'Karim', 'karim.sqalli201@email.com', '$2a$12$2pYwxuH4wQBKUioe9EF6ZO2tgbBIYypsZtFNrtYBT06togqzKcEHu', '06012345201', 'QR201', 'carte-etudiant', 'E123656', 'photo_201.jpg', 1, 1, '2026-01-13 23:47:50'),
(1008, 'Zaki', 'Karima', 'karima.zaki202@email.com', '$2a$12$2pYwxuH4wQBKUioe9EF6ZO2tgbBIYypsZtFNrtYBT06togqzKcEHu', '06012345202', 'QR202', 'CNI', 'A123657', 'photo_202.jpg', 1, 1, '2026-01-13 23:47:50'),
(1009, 'Kabbaj', 'Driss', 'driss.kabbaj203@email.com', '$2a$12$2pYwxuH4wQBKUioe9EF6ZO2tgbBIYypsZtFNrtYBT06togqzKcEHu', '06012345203', 'QR203', 'CNI', 'A123658', 'photo_203.jpg', 1, 1, '2026-01-13 23:47:50'),
(1010, 'Sefiani', 'Hasna', 'hasna.sefiani204@email.com', '$2a$12$2pYwxuH4wQBKUioe9EF6ZO2tgbBIYypsZtFNrtYBT06togqzKcEHu', '06012345204', 'QR204', 'CNI', 'A123659', 'photo_204.jpg', 1, 1, '2026-01-13 23:47:50'),
(1011, 'Bekkali', 'Othman', 'othman.bekkali205@email.com', '$2a$12$2pYwxuH4wQBKUioe9EF6ZO2tgbBIYypsZtFNrtYBT06togqzKcEHu', '06012345205', 'QR205', 'passeport', 'P123660', 'photo_205.jpg', 1, 1, '2026-01-13 23:47:50'),
(1012, 'Sefiani', 'Samira', 'samira.sefiani206@email.com', '$2a$12$2pYwxuH4wQBKUioe9EF6ZO2tgbBIYypsZtFNrtYBT06togqzKcEHu', '06012345206', 'QR206', 'carte-etudiant', 'E123661', 'photo_206.jpg', 1, 1, '2026-01-13 23:47:50'),
(1013, 'Semlali', 'Jalal', 'jalal.semlali207@email.com', '$2a$12$2pYwxuH4wQBKUioe9EF6ZO2tgbBIYypsZtFNrtYBT06togqzKcEHu', '06012345207', 'QR207', 'passeport', 'P123662', 'photo_207.jpg', 1, 1, '2026-01-13 23:47:50'),
(1014, 'Ouazzani', 'Meriem', 'meriem.ouazzani208@email.com', '$2a$12$2pYwxuH4wQBKUioe9EF6ZO2tgbBIYypsZtFNrtYBT06togqzKcEHu', '06012345208', 'QR208', 'passeport', 'P123663', 'photo_208.jpg', 1, 1, '2026-01-13 23:47:50'),
(1015, 'Berrada', 'Badr', 'badr.berrada209@email.com', '$2a$12$2pYwxuH4wQBKUioe9EF6ZO2tgbBIYypsZtFNrtYBT06togqzKcEHu', '06012345209', 'QR209', 'passeport', 'P123664', 'photo_209.jpg', 1, 1, '2026-01-13 23:47:50'),
(1016, 'Bouchentouf', 'Sanae', 'sanae.bouchentouf210@email.com', '$2a$12$2pYwxuH4wQBKUioe9EF6ZO2tgbBIYypsZtFNrtYBT06togqzKcEHu', '06012345210', 'QR210', 'CNI', 'A123665', 'photo_210.jpg', 1, 1, '2026-01-13 23:47:50'),
(1017, 'Jaidi', 'Tarik', 'tarik.jaidi211@email.com', '$2a$12$2pYwxuH4wQBKUioe9EF6ZO2tgbBIYypsZtFNrtYBT06togqzKcEHu', '06012345211', 'QR211', 'carte-etudiant', 'E123666', 'photo_211.jpg', 1, 1, '2026-01-13 23:47:50'),
(1018, 'Alami', 'Leila', 'leila.alami212@email.com', '$2a$12$2pYwxuH4wQBKUioe9EF6ZO2tgbBIYypsZtFNrtYBT06togqzKcEHu', '06012345212', 'QR212', 'carte-etudiant', 'E123667', 'photo_212.jpg', 1, 1, '2026-01-13 23:47:50'),
(1019, 'Ouardi', 'Nabil', 'nabil.ouardi213@email.com', '$2a$12$2pYwxuH4wQBKUioe9EF6ZO2tgbBIYypsZtFNrtYBT06togqzKcEHu', '06012345213', 'QR213', 'passeport', 'P123668', 'photo_213.jpg', 1, 1, '2026-01-13 23:47:50'),
(1020, 'Benslimane', 'Samira', 'samira.benslimane214@email.com', '$2a$12$2pYwxuH4wQBKUioe9EF6ZO2tgbBIYypsZtFNrtYBT06togqzKcEHu', '06012345214', 'QR214', 'CNI', 'A123669', 'photo_214.jpg', 1, 1, '2026-01-13 23:47:50'),
(1021, 'El Amrani', 'Hassan', 'hassan.elamrani215@email.com', '$2a$12$2pYwxuH4wQBKUioe9EF6ZO2tgbBIYypsZtFNrtYBT06togqzKcEHu', '06012345215', 'QR215', 'carte-etudiant', 'E123670', 'photo_215.jpg', 1, 1, '2026-01-13 23:47:50'),
(1022, 'El Amrani', 'Asmae', 'asmae.elamrani216@email.com', '$2a$12$2pYwxuH4wQBKUioe9EF6ZO2tgbBIYypsZtFNrtYBT06togqzKcEHu', '06012345216', 'QR216', 'carte-etudiant', 'E123671', 'photo_216.jpg', 1, 1, '2026-01-13 23:47:50'),
(1023, 'El Amrani', 'Aziz', 'aziz.elamrani217@email.com', '$2a$12$2pYwxuH4wQBKUioe9EF6ZO2tgbBIYypsZtFNrtYBT06togqzKcEHu', '06012345217', 'QR217', 'CNI', 'A123672', 'photo_217.jpg', 1, 1, '2026-01-13 23:47:50'),
(1024, 'Hajji', 'Loubna', 'loubna.hajji218@email.com', '$2a$12$2pYwxuH4wQBKUioe9EF6ZO2tgbBIYypsZtFNrtYBT06togqzKcEHu', '06012345218', 'QR218', 'CNI', 'A123673', 'photo_218.jpg', 1, 1, '2026-01-13 23:47:50'),
(1025, 'Benjelloun', 'Reda', 'reda.benjelloun219@email.com', '$2a$12$2pYwxuH4wQBKUioe9EF6ZO2tgbBIYypsZtFNrtYBT06togqzKcEHu', '06012345219', 'QR219', 'passeport', 'P123674', 'photo_219.jpg', 1, 1, '2026-01-13 23:47:50'),
(1026, 'Alaoui', 'Loubna', 'loubna.alaoui220@email.com', '$2a$12$2pYwxuH4wQBKUioe9EF6ZO2tgbBIYypsZtFNrtYBT06togqzKcEHu', '06012345220', 'QR220', 'CNI', 'A123675', 'photo_220.jpg', 1, 1, '2026-01-13 23:47:50'),
(1027, 'Benabdallah', 'Ilyas', 'ilyas.benabdallah221@email.com', '$2a$12$2pYwxuH4wQBKUioe9EF6ZO2tgbBIYypsZtFNrtYBT06togqzKcEHu', '06012345221', 'QR221', 'passeport', 'P123676', 'photo_221.jpg', 1, 1, '2026-01-13 23:47:50'),
(1028, 'Chraibi', 'Karima', 'karima.chraibi222@email.com', '$2a$12$2pYwxuH4wQBKUioe9EF6ZO2tgbBIYypsZtFNrtYBT06togqzKcEHu', '06012345222', 'QR222', 'passeport', 'P123677', 'photo_222.jpg', 1, 1, '2026-01-13 23:47:50'),
(1029, 'Amrani', 'Hamid', 'hamid.amrani223@email.com', '$2a$12$2pYwxuH4wQBKUioe9EF6ZO2tgbBIYypsZtFNrtYBT06togqzKcEHu', '06012345223', 'QR223', 'CNI', 'A123678', 'photo_223.jpg', 1, 1, '2026-01-13 23:47:50'),
(1030, 'Zahraoui', 'Meryem', 'meryem.zahraoui224@email.com', '$2a$12$2pYwxuH4wQBKUioe9EF6ZO2tgbBIYypsZtFNrtYBT06togqzKcEHu', '06012345224', 'QR224', 'carte-etudiant', 'E123679', 'photo_224.jpg', 1, 1, '2026-01-13 23:47:50'),
(1031, 'Bensaid', 'Hassan', 'hassan.bensaid225@email.com', '$2a$12$2pYwxuH4wQBKUioe9EF6ZO2tgbBIYypsZtFNrtYBT06togqzKcEHu', '06012345225', 'QR225', 'CNI', 'A123680', 'photo_225.jpg', 1, 1, '2026-01-13 23:47:50'),
(1032, 'Fassi', 'Ghita', 'ghita.fassi226@email.com', '$2a$12$2pYwxuH4wQBKUioe9EF6ZO2tgbBIYypsZtFNrtYBT06togqzKcEHu', '06012345226', 'QR226', 'CNI', 'A123681', 'photo_226.jpg', 1, 1, '2026-01-13 23:47:50'),
(1033, 'Lahlou', 'Reda', 'reda.lahlou227@email.com', '$2a$12$2pYwxuH4wQBKUioe9EF6ZO2tgbBIYypsZtFNrtYBT06togqzKcEHu', '06012345227', 'QR227', 'CNI', 'A123682', 'photo_227.jpg', 1, 1, '2026-01-13 23:47:50'),
(1034, 'Mrani', 'Houda', 'houda.mrani228@email.com', '$2a$12$2pYwxuH4wQBKUioe9EF6ZO2tgbBIYypsZtFNrtYBT06togqzKcEHu', '06012345228', 'QR228', 'passeport', 'P123683', 'photo_228.jpg', 1, 1, '2026-01-13 23:47:50'),
(1035, 'Mrani', 'Nabil', 'nabil.mrani229@email.com', '$2a$12$2pYwxuH4wQBKUioe9EF6ZO2tgbBIYypsZtFNrtYBT06togqzKcEHu', '06012345229', 'QR229', 'carte-etudiant', 'E123684', 'photo_229.jpg', 1, 1, '2026-01-13 23:47:50'),
(1036, 'Moutaouakil', 'Houria', 'houria.moutaouakil230@email.com', '$2a$12$2pYwxuH4wQBKUioe9EF6ZO2tgbBIYypsZtFNrtYBT06togqzKcEHu', '06012345230', 'QR230', 'passeport', 'P123685', 'photo_230.jpg', 1, 1, '2026-01-13 23:47:50'),
(1037, 'Kettani', 'Saad', 'saad.kettani231@email.com', '$2a$12$2pYwxuH4wQBKUioe9EF6ZO2tgbBIYypsZtFNrtYBT06togqzKcEHu', '06012345231', 'QR231', 'CNI', 'A123686', 'photo_231.jpg', 1, 1, '2026-01-13 23:47:50'),
(1038, 'Tounsi', 'Meriem', 'meriem.tounsi232@email.com', '$2a$12$2pYwxuH4wQBKUioe9EF6ZO2tgbBIYypsZtFNrtYBT06togqzKcEHu', '06012345232', 'QR232', 'carte-etudiant', 'E123687', 'photo_232.jpg', 1, 1, '2026-01-13 23:47:50'),
(1039, 'Naciri', 'Mehdi', 'mehdi.naciri233@email.com', '$2a$12$2pYwxuH4wQBKUioe9EF6ZO2tgbBIYypsZtFNrtYBT06togqzKcEHu', '06012345233', 'QR233', 'passeport', 'P123688', 'photo_233.jpg', 1, 1, '2026-01-13 23:47:50');
INSERT INTO `participant` (`id_participant`, `nom`, `prenom`, `email`, `password_hash`, `phone`, `code_qr`, `type_document`, `numero_document`, `photo_document`, `est_valide`, `a_vote`, `date_inscription`) VALUES
(1040, 'Chraibi', 'Hafsa', 'hafsa.chraibi234@email.com', '$2a$12$2pYwxuH4wQBKUioe9EF6ZO2tgbBIYypsZtFNrtYBT06togqzKcEHu', '06012345234', 'QR234', 'carte-etudiant', 'E123689', 'photo_234.jpg', 1, 1, '2026-01-13 23:47:50'),
(1041, 'Idrissi', 'Jamal', 'jamal.idrissi235@email.com', '$2a$12$2pYwxuH4wQBKUioe9EF6ZO2tgbBIYypsZtFNrtYBT06togqzKcEHu', '06012345235', 'QR235', 'passeport', 'P123690', 'photo_235.jpg', 1, 1, '2026-01-13 23:47:50'),
(1042, 'Mansouri', 'Dounia', 'dounia.mansouri236@email.com', '$2a$12$2pYwxuH4wQBKUioe9EF6ZO2tgbBIYypsZtFNrtYBT06togqzKcEHu', '06012345236', 'QR236', 'CNI', 'A123691', 'photo_236.jpg', 1, 1, '2026-01-13 23:47:50'),
(1043, 'Ouahabi', 'Mohammed', 'mohammed.ouahabi237@email.com', '$2a$12$2pYwxuH4wQBKUioe9EF6ZO2tgbBIYypsZtFNrtYBT06togqzKcEHu', '06012345237', 'QR237', 'CNI', 'A123692', 'photo_237.jpg', 1, 1, '2026-01-13 23:47:50'),
(1044, 'Fassi', 'Naoual', 'naoual.fassi238@email.com', '$2a$12$2pYwxuH4wQBKUioe9EF6ZO2tgbBIYypsZtFNrtYBT06togqzKcEHu', '06012345238', 'QR238', 'CNI', 'A123693', 'photo_238.jpg', 1, 1, '2026-01-13 23:47:50'),
(1045, 'Slaoui', 'Mustapha', 'mustapha.slaoui239@email.com', '$2a$12$2pYwxuH4wQBKUioe9EF6ZO2tgbBIYypsZtFNrtYBT06togqzKcEHu', '06012345239', 'QR239', 'carte-etudiant', 'E123694', 'photo_239.jpg', 1, 1, '2026-01-13 23:47:50'),
(1046, 'Amrani', 'Dounia', 'dounia.amrani240@email.com', '$2a$12$2pYwxuH4wQBKUioe9EF6ZO2tgbBIYypsZtFNrtYBT06togqzKcEHu', '06012345240', 'QR240', 'carte-etudiant', 'E123695', 'photo_240.jpg', 1, 1, '2026-01-13 23:47:50'),
(1047, 'Lamrani', 'Said', 'said.lamrani241@email.com', '$2a$12$2pYwxuH4wQBKUioe9EF6ZO2tgbBIYypsZtFNrtYBT06togqzKcEHu', '06012345241', 'QR241', 'passeport', 'P123696', 'photo_241.jpg', 1, 1, '2026-01-13 23:47:50'),
(1048, 'Bouabid', 'Amina', 'amina.bouabid242@email.com', '$2a$12$2pYwxuH4wQBKUioe9EF6ZO2tgbBIYypsZtFNrtYBT06togqzKcEHu', '06012345242', 'QR242', 'carte-etudiant', 'E123697', 'photo_242.jpg', 1, 1, '2026-01-13 23:47:50'),
(1049, 'Bouhsine', 'Fouad', 'fouad.bouhsine243@email.com', '$2a$12$2pYwxuH4wQBKUioe9EF6ZO2tgbBIYypsZtFNrtYBT06togqzKcEHu', '06012345243', 'QR243', 'CNI', 'A123698', 'photo_243.jpg', 1, 1, '2026-01-13 23:47:50'),
(1050, 'Sekkat', 'Meryem', 'meryem.sekkat244@email.com', '$2a$12$2pYwxuH4wQBKUioe9EF6ZO2tgbBIYypsZtFNrtYBT06togqzKcEHu', '06012345244', 'QR244', 'CNI', 'A123699', 'photo_244.jpg', 1, 1, '2026-01-13 23:47:50'),
(1051, 'Idrissi', 'Yassine', 'yassine.idrissi245@email.com', '$2a$12$2pYwxuH4wQBKUioe9EF6ZO2tgbBIYypsZtFNrtYBT06togqzKcEHu', '06012345245', 'QR245', 'CNI', 'A123700', 'photo_245.jpg', 1, 1, '2026-01-13 23:47:50'),
(1052, 'Slimani', 'Asmae', 'asmae.slimani246@email.com', '$2a$12$2pYwxuH4wQBKUioe9EF6ZO2tgbBIYypsZtFNrtYBT06togqzKcEHu', '06012345246', 'QR246', 'passeport', 'P123701', 'photo_246.jpg', 1, 1, '2026-01-13 23:47:50'),
(1053, 'Ouardi', 'Abderrahim', 'abderrahim.ouardi247@email.com', '$2a$12$2pYwxuH4wQBKUioe9EF6ZO2tgbBIYypsZtFNrtYBT06togqzKcEHu', '06012345247', 'QR247', 'CNI', 'A123702', 'photo_247.jpg', 1, 1, '2026-01-13 23:47:50'),
(1054, 'Zaari', 'Houda', 'houda.zaari248@email.com', '$2a$12$2pYwxuH4wQBKUioe9EF6ZO2tgbBIYypsZtFNrtYBT06togqzKcEHu', '06012345248', 'QR248', 'carte-etudiant', 'E123703', 'photo_248.jpg', 1, 1, '2026-01-13 23:47:50'),
(1055, 'Sabri', 'Ismail', 'ismail.sabri249@email.com', '$2a$12$2pYwxuH4wQBKUioe9EF6ZO2tgbBIYypsZtFNrtYBT06togqzKcEHu', '06012345249', 'QR249', 'passeport', 'P123704', 'photo_249.jpg', 1, 1, '2026-01-13 23:47:50'),
(1056, 'Hajji', 'Hasna', 'hasna.hajji250@email.com', '$2a$12$2pYwxuH4wQBKUioe9EF6ZO2tgbBIYypsZtFNrtYBT06togqzKcEHu', '06012345250', 'QR250', 'CNI', 'A123705', 'photo_250.jpg', 1, 1, '2026-01-13 23:47:50'),
(1057, 'Lazaar', 'Khalid', 'khalid.lazaar251@email.com', '$2a$12$2pYwxuH4wQBKUioe9EF6ZO2tgbBIYypsZtFNrtYBT06togqzKcEHu', '06012345251', 'QR251', 'passeport', 'P123706', 'photo_251.jpg', 1, 1, '2026-01-13 23:47:50'),
(1058, 'El Amrani', 'Samira', 'samira.elamrani252@email.com', '$2a$12$2pYwxuH4wQBKUioe9EF6ZO2tgbBIYypsZtFNrtYBT06togqzKcEHu', '06012345252', 'QR252', 'CNI', 'A123707', 'photo_252.jpg', 1, 1, '2026-01-13 23:47:50'),
(1059, 'Lazaar', 'Omar', 'omar.lazaar253@email.com', '$2a$12$2pYwxuH4wQBKUioe9EF6ZO2tgbBIYypsZtFNrtYBT06togqzKcEHu', '06012345253', 'QR253', 'carte-etudiant', 'E123708', 'photo_253.jpg', 1, 1, '2026-01-13 23:47:50'),
(1060, 'El Amrani', 'Salima', 'salima.elamrani254@email.com', '$2a$12$2pYwxuH4wQBKUioe9EF6ZO2tgbBIYypsZtFNrtYBT06togqzKcEHu', '06012345254', 'QR254', 'CNI', 'A123709', 'photo_254.jpg', 1, 1, '2026-01-13 23:47:50'),
(1061, 'Bekkali', 'Mehdi', 'mehdi.bekkali255@email.com', '$2a$12$2pYwxuH4wQBKUioe9EF6ZO2tgbBIYypsZtFNrtYBT06togqzKcEHu', '06012345255', 'QR255', 'CNI', 'A123710', 'photo_255.jpg', 1, 1, '2026-01-13 23:47:50'),
(1062, 'Lemrani', 'Houria', 'houria.lemrani256@email.com', '$2a$12$2pYwxuH4wQBKUioe9EF6ZO2tgbBIYypsZtFNrtYBT06togqzKcEHu', '06012345256', 'QR256', 'carte-etudiant', 'E123711', 'photo_256.jpg', 1, 1, '2026-01-13 23:47:50'),
(1063, 'Skalli', 'Amine', 'amine.skalli257@email.com', '$2a$12$2pYwxuH4wQBKUioe9EF6ZO2tgbBIYypsZtFNrtYBT06togqzKcEHu', '06012345257', 'QR257', 'CNI', 'A123712', 'photo_257.jpg', 1, 1, '2026-01-13 23:47:50'),
(1064, 'Chraibi', 'Nadia', 'nadia.chraibi258@email.com', '$2a$12$2pYwxuH4wQBKUioe9EF6ZO2tgbBIYypsZtFNrtYBT06togqzKcEHu', '06012345258', 'QR258', 'passeport', 'P123713', 'photo_258.jpg', 1, 1, '2026-01-13 23:47:50'),
(1065, 'Bouziane', 'Hamid', 'hamid.bouziane259@email.com', '$2a$12$2pYwxuH4wQBKUioe9EF6ZO2tgbBIYypsZtFNrtYBT06togqzKcEHu', '06012345259', 'QR259', 'carte-etudiant', 'E123714', 'photo_259.jpg', 1, 1, '2026-01-13 23:47:50'),
(1066, 'Sekkat', 'Hasna', 'hasna.sekkat260@email.com', '$2a$12$2pYwxuH4wQBKUioe9EF6ZO2tgbBIYypsZtFNrtYBT06togqzKcEHu', '06012345260', 'QR260', 'carte-etudiant', 'E123715', 'photo_260.jpg', 1, 1, '2026-01-13 23:47:50'),
(1067, 'Ouazzani', 'Soufiane', 'soufiane.ouazzani261@email.com', '$2a$12$2pYwxuH4wQBKUioe9EF6ZO2tgbBIYypsZtFNrtYBT06togqzKcEHu', '06012345261', 'QR261', 'carte-etudiant', 'E123716', 'photo_261.jpg', 1, 1, '2026-01-13 23:47:50'),
(1068, 'Moussaoui', 'Karima', 'karima.moussaoui262@email.com', '$2a$12$2pYwxuH4wQBKUioe9EF6ZO2tgbBIYypsZtFNrtYBT06togqzKcEHu', '06012345262', 'QR262', 'passeport', 'P123717', 'photo_262.jpg', 1, 1, '2026-01-13 23:47:50'),
(1069, 'Lemrani', 'Anass', 'anass.lemrani263@email.com', '$2a$12$2pYwxuH4wQBKUioe9EF6ZO2tgbBIYypsZtFNrtYBT06togqzKcEHu', '06012345263', 'QR263', 'carte-etudiant', 'E123718', 'photo_263.jpg', 1, 1, '2026-01-13 23:47:50'),
(1070, 'Bouhsine', 'Hanane', 'hanane.bouhsine264@email.com', '$2a$12$2pYwxuH4wQBKUioe9EF6ZO2tgbBIYypsZtFNrtYBT06togqzKcEHu', '06012345264', 'QR264', 'CNI', 'A123719', 'photo_264.jpg', 1, 1, '2026-01-13 23:47:50'),
(1071, 'Bekkali', 'Badr', 'badr.bekkali265@email.com', '$2a$12$2pYwxuH4wQBKUioe9EF6ZO2tgbBIYypsZtFNrtYBT06togqzKcEHu', '06012345265', 'QR265', 'carte-etudiant', 'E123720', 'photo_265.jpg', 1, 1, '2026-01-13 23:47:50'),
(1072, 'Slaoui', 'Hafsa', 'hafsa.slaoui266@email.com', '$2a$12$2pYwxuH4wQBKUioe9EF6ZO2tgbBIYypsZtFNrtYBT06togqzKcEHu', '06012345266', 'QR266', 'carte-etudiant', 'E123721', 'photo_266.jpg', 1, 1, '2026-01-13 23:47:50'),
(1073, 'Slaoui', 'Walid', 'walid.slaoui267@email.com', '$2a$12$2pYwxuH4wQBKUioe9EF6ZO2tgbBIYypsZtFNrtYBT06togqzKcEHu', '06012345267', 'QR267', 'passeport', 'P123722', 'photo_267.jpg', 1, 1, '2026-01-13 23:47:50'),
(1074, 'Sefiani', 'Ghita', 'ghita.sefiani268@email.com', '$2a$12$2pYwxuH4wQBKUioe9EF6ZO2tgbBIYypsZtFNrtYBT06togqzKcEHu', '06012345268', 'QR268', 'CNI', 'A123723', 'photo_268.jpg', 1, 1, '2026-01-13 23:47:50'),
(1075, 'Idrissi', 'Reda', 'reda.idrissi269@email.com', '$2a$12$2pYwxuH4wQBKUioe9EF6ZO2tgbBIYypsZtFNrtYBT06togqzKcEHu', '06012345269', 'QR269', 'passeport', 'P123724', 'photo_269.jpg', 1, 1, '2026-01-13 23:47:50'),
(1076, 'Hilali', 'Khadija', 'khadija.hilali270@email.com', '$2a$12$2pYwxuH4wQBKUioe9EF6ZO2tgbBIYypsZtFNrtYBT06togqzKcEHu', '06012345270', 'QR270', 'passeport', 'P123725', 'photo_270.jpg', 1, 1, '2026-01-13 23:47:50'),
(1077, 'Ouardi', 'Hamza', 'hamza.ouardi271@email.com', '$2a$12$2pYwxuH4wQBKUioe9EF6ZO2tgbBIYypsZtFNrtYBT06togqzKcEHu', '06012345271', 'QR271', 'CNI', 'A123726', 'photo_271.jpg', 1, 1, '2026-01-13 23:47:50'),
(1078, 'Naciri', 'Sanae', 'sanae.naciri272@email.com', '$2a$12$2pYwxuH4wQBKUioe9EF6ZO2tgbBIYypsZtFNrtYBT06togqzKcEHu', '06012345272', 'QR272', 'passeport', 'P123727', 'photo_272.jpg', 1, 1, '2026-01-13 23:47:50'),
(1079, 'Raji', 'Hamza', 'hamza.raji273@email.com', '$2a$12$2pYwxuH4wQBKUioe9EF6ZO2tgbBIYypsZtFNrtYBT06togqzKcEHu', '06012345273', 'QR273', 'carte-etudiant', 'E123728', 'photo_273.jpg', 1, 1, '2026-01-13 23:47:50'),
(1080, 'Mrani', 'Khadija', 'khadija.mrani274@email.com', '$2a$12$2pYwxuH4wQBKUioe9EF6ZO2tgbBIYypsZtFNrtYBT06togqzKcEHu', '06012345274', 'QR274', 'carte-etudiant', 'E123729', 'photo_274.jpg', 1, 1, '2026-01-13 23:47:50'),
(1081, 'Bekkali', 'Ilyas', 'ilyas.bekkali275@email.com', '$2a$12$2pYwxuH4wQBKUioe9EF6ZO2tgbBIYypsZtFNrtYBT06togqzKcEHu', '06012345275', 'QR275', 'CNI', 'A123730', 'photo_275.jpg', 1, 1, '2026-01-13 23:47:50'),
(1082, 'Benslimane', 'Salma', 'salma.benslimane276@email.com', '$2a$12$2pYwxuH4wQBKUioe9EF6ZO2tgbBIYypsZtFNrtYBT06togqzKcEHu', '06012345276', 'QR276', 'CNI', 'A123731', 'photo_276.jpg', 1, 1, '2026-01-13 23:47:50'),
(1083, 'Alaoui', 'Ilyas', 'ilyas.alaoui277@email.com', '$2a$12$2pYwxuH4wQBKUioe9EF6ZO2tgbBIYypsZtFNrtYBT06togqzKcEHu', '06012345277', 'QR277', 'carte-etudiant', 'E123732', 'photo_277.jpg', 1, 1, '2026-01-13 23:47:50'),
(1084, 'Bouziane', 'Sanae', 'sanae.bouziane278@email.com', '$2a$12$2pYwxuH4wQBKUioe9EF6ZO2tgbBIYypsZtFNrtYBT06togqzKcEHu', '06012345278', 'QR278', 'carte-etudiant', 'E123733', 'photo_278.jpg', 1, 1, '2026-01-13 23:47:50'),
(1085, 'Drissi', 'Tarik', 'tarik.drissi279@email.com', '$2a$12$2pYwxuH4wQBKUioe9EF6ZO2tgbBIYypsZtFNrtYBT06togqzKcEHu', '06012345279', 'QR279', 'carte-etudiant', 'E123734', 'photo_279.jpg', 1, 1, '2026-01-13 23:47:50'),
(1086, 'Hilali', 'Samia', 'samia.hilali280@email.com', '$2a$12$2pYwxuH4wQBKUioe9EF6ZO2tgbBIYypsZtFNrtYBT06togqzKcEHu', '06012345280', 'QR280', 'carte-etudiant', 'E123735', 'photo_280.jpg', 1, 1, '2026-01-13 23:47:50'),
(1087, 'Bouhsine', 'Mohammed', 'mohammed.bouhsine281@email.com', '$2a$12$2pYwxuH4wQBKUioe9EF6ZO2tgbBIYypsZtFNrtYBT06togqzKcEHu', '06012345281', 'QR281', 'CNI', 'A123736', 'photo_281.jpg', 1, 1, '2026-01-13 23:47:50'),
(1088, 'Tounsi', 'Jihane', 'jihane.tounsi282@email.com', '$2a$12$2pYwxuH4wQBKUioe9EF6ZO2tgbBIYypsZtFNrtYBT06togqzKcEHu', '06012345282', 'QR282', 'CNI', 'A123737', 'photo_282.jpg', 1, 1, '2026-01-13 23:47:50'),
(1089, 'Ouardi', 'Khalid', 'khalid.ouardi283@email.com', '$2a$12$2pYwxuH4wQBKUioe9EF6ZO2tgbBIYypsZtFNrtYBT06togqzKcEHu', '06012345283', 'QR283', 'passeport', 'P123738', 'photo_283.jpg', 1, 1, '2026-01-13 23:47:50'),
(1090, 'Filali', 'Hanane', 'hanane.filali284@email.com', '$2a$12$2pYwxuH4wQBKUioe9EF6ZO2tgbBIYypsZtFNrtYBT06togqzKcEHu', '06012345284', 'QR284', 'carte-etudiant', 'E123739', 'photo_284.jpg', 1, 1, '2026-01-13 23:47:50'),
(1091, 'El Amrani', 'Mourad', 'mourad.elamrani285@email.com', '$2a$12$2pYwxuH4wQBKUioe9EF6ZO2tgbBIYypsZtFNrtYBT06togqzKcEHu', '06012345285', 'QR285', 'carte-etudiant', 'E123740', 'photo_285.jpg', 1, 1, '2026-01-13 23:47:50'),
(1092, 'Nejjar', 'Houda', 'houda.nejjar286@email.com', '$2a$12$2pYwxuH4wQBKUioe9EF6ZO2tgbBIYypsZtFNrtYBT06togqzKcEHu', '06012345286', 'QR286', 'passeport', 'P123741', 'photo_286.jpg', 1, 1, '2026-01-13 23:47:50'),
(1093, 'Lahlou', 'Jamal', 'jamal.lahlou287@email.com', '$2a$12$2pYwxuH4wQBKUioe9EF6ZO2tgbBIYypsZtFNrtYBT06togqzKcEHu', '06012345287', 'QR287', 'passeport', 'P123742', 'photo_287.jpg', 1, 1, '2026-01-13 23:47:50'),
(1094, 'Jilali', 'Jihane', 'jihane.jilali288@email.com', '$2a$12$2pYwxuH4wQBKUioe9EF6ZO2tgbBIYypsZtFNrtYBT06togqzKcEHu', '06012345288', 'QR288', 'passeport', 'P123743', 'photo_288.jpg', 1, 1, '2026-01-13 23:47:50'),
(1095, 'Hassani', 'Ismail', 'ismail.hassani289@email.com', '$2a$12$2pYwxuH4wQBKUioe9EF6ZO2tgbBIYypsZtFNrtYBT06togqzKcEHu', '06012345289', 'QR289', 'CNI', 'A123744', 'photo_289.jpg', 1, 1, '2026-01-13 23:47:50'),
(1096, 'Cherkaoui', 'Siham', 'siham.cherkaoui290@email.com', '$2a$12$2pYwxuH4wQBKUioe9EF6ZO2tgbBIYypsZtFNrtYBT06togqzKcEHu', '06012345290', 'QR290', 'CNI', 'A123745', 'photo_290.jpg', 1, 1, '2026-01-13 23:47:50'),
(1097, 'Ghazali', 'Yassine', 'yassine.ghazali291@email.com', '$2a$12$2pYwxuH4wQBKUioe9EF6ZO2tgbBIYypsZtFNrtYBT06togqzKcEHu', '06012345291', 'QR291', 'passeport', 'P123746', 'photo_291.jpg', 1, 1, '2026-01-13 23:47:50'),
(1098, 'Benabdallah', 'Asmae', 'asmae.benabdallah292@email.com', '$2a$12$2pYwxuH4wQBKUioe9EF6ZO2tgbBIYypsZtFNrtYBT06togqzKcEHu', '06012345292', 'QR292', 'passeport', 'P123747', 'photo_292.jpg', 1, 1, '2026-01-13 23:47:50'),
(1099, 'Hajji', 'Rachid', 'rachid.hajji293@email.com', '$2a$12$2pYwxuH4wQBKUioe9EF6ZO2tgbBIYypsZtFNrtYBT06togqzKcEHu', '06012345293', 'QR293', 'carte-etudiant', 'E123748', 'photo_293.jpg', 1, 1, '2026-01-13 23:47:50'),
(1100, 'Bouhsine', 'Salima', 'salima.bouhsine294@email.com', '$2a$12$2pYwxuH4wQBKUioe9EF6ZO2tgbBIYypsZtFNrtYBT06togqzKcEHu', '06012345294', 'QR294', 'passeport', 'P123749', 'photo_294.jpg', 1, 1, '2026-01-13 23:47:50'),
(1101, 'Chafi', 'Mohammed', 'mohammed.chafi295@email.com', '$2a$12$2pYwxuH4wQBKUioe9EF6ZO2tgbBIYypsZtFNrtYBT06togqzKcEHu', '06012345295', 'QR295', 'CNI', 'A123750', 'photo_295.jpg', 1, 1, '2026-01-13 23:47:50'),
(1102, 'Zaki', 'Naoual', 'naoual.zaki296@email.com', '$2a$12$2pYwxuH4wQBKUioe9EF6ZO2tgbBIYypsZtFNrtYBT06togqzKcEHu', '06012345296', 'QR296', 'CNI', 'A123751', 'photo_296.jpg', 1, 1, '2026-01-13 23:47:50'),
(1103, 'Fassi', 'Oussama', 'oussama.fassi297@email.com', '$2a$12$2pYwxuH4wQBKUioe9EF6ZO2tgbBIYypsZtFNrtYBT06togqzKcEHu', '06012345297', 'QR297', 'passeport', 'P123752', 'photo_297.jpg', 1, 1, '2026-01-13 23:47:50'),
(1104, 'Semlali', 'Salma', 'salma.semlali298@email.com', '$2a$12$2pYwxuH4wQBKUioe9EF6ZO2tgbBIYypsZtFNrtYBT06togqzKcEHu', '06012345298', 'QR298', 'passeport', 'P123753', 'photo_298.jpg', 1, 1, '2026-01-13 23:47:50'),
(1105, 'Kadiri', 'Hamid', 'hamid.kadiri299@email.com', '$2a$12$2pYwxuH4wQBKUioe9EF6ZO2tgbBIYypsZtFNrtYBT06togqzKcEHu', '06012345299', 'QR299', 'CNI', 'A123754', 'photo_299.jpg', 1, 1, '2026-01-13 23:47:50'),
(1106, 'Tounsi', 'Btissam', 'btissam.tounsi300@email.com', '$2a$12$2pYwxuH4wQBKUioe9EF6ZO2tgbBIYypsZtFNrtYBT06togqzKcEHu', '06012345300', 'QR300', 'carte-etudiant', 'E123755', 'photo_300.jpg', 1, 1, '2026-01-13 23:47:50'),
(1107, 'Hassani', 'Khalid', 'khalid.hassani301@email.com', '$2a$12$2pYwxuH4wQBKUioe9EF6ZO2tgbBIYypsZtFNrtYBT06togqzKcEHu', '06012345301', 'QR301', 'CNI', 'A123756', 'photo_301.jpg', 1, 1, '2026-01-13 23:47:50'),
(1108, 'Chraibi', 'Loubna', 'loubna.chraibi302@email.com', '$2a$12$2pYwxuH4wQBKUioe9EF6ZO2tgbBIYypsZtFNrtYBT06togqzKcEHu', '06012345302', 'QR302', 'carte-etudiant', 'E123757', 'photo_302.jpg', 1, 1, '2026-01-13 23:47:50'),
(1109, 'Slimani', 'Yassine', 'yassine.slimani303@email.com', '$2a$12$2pYwxuH4wQBKUioe9EF6ZO2tgbBIYypsZtFNrtYBT06togqzKcEHu', '06012345303', 'QR303', 'passeport', 'P123758', 'photo_303.jpg', 1, 1, '2026-01-13 23:47:50'),
(1110, 'Drissi', 'Zineb', 'zineb.drissi304@email.com', '$2a$12$2pYwxuH4wQBKUioe9EF6ZO2tgbBIYypsZtFNrtYBT06togqzKcEHu', '06012345304', 'QR304', 'carte-etudiant', 'E123759', 'photo_304.jpg', 1, 1, '2026-01-13 23:47:50'),
(1111, 'Elharrak', 'Anass', 'anass.elharrak305@email.com', '$2a$12$2pYwxuH4wQBKUioe9EF6ZO2tgbBIYypsZtFNrtYBT06togqzKcEHu', '06012345305', 'QR305', 'CNI', 'A123760', 'photo_305.jpg', 1, 1, '2026-01-13 23:47:50'),
(1112, 'Lazrak', 'Salma', 'salma.lazrak306@email.com', '$2a$12$2pYwxuH4wQBKUioe9EF6ZO2tgbBIYypsZtFNrtYBT06togqzKcEHu', '06012345306', 'QR306', 'carte-etudiant', 'E123761', 'photo_306.jpg', 1, 1, '2026-01-13 23:47:50'),
(1113, 'Chafi', 'Hamid', 'hamid.chafi307@email.com', '$2a$12$2pYwxuH4wQBKUioe9EF6ZO2tgbBIYypsZtFNrtYBT06togqzKcEHu', '06012345307', 'QR307', 'passeport', 'P123762', 'photo_307.jpg', 1, 1, '2026-01-13 23:47:50'),
(1114, 'Bouabid', 'Hanae', 'hanae.bouabid308@email.com', '$2a$12$2pYwxuH4wQBKUioe9EF6ZO2tgbBIYypsZtFNrtYBT06togqzKcEHu', '06012345308', 'QR308', 'passeport', 'P123763', 'photo_308.jpg', 1, 1, '2026-01-13 23:47:50'),
(1115, 'Lazaar', 'Hassan', 'hassan.lazaar309@email.com', '$2a$12$2pYwxuH4wQBKUioe9EF6ZO2tgbBIYypsZtFNrtYBT06togqzKcEHu', '06012345309', 'QR309', 'CNI', 'A123764', 'photo_309.jpg', 1, 1, '2026-01-13 23:47:50'),
(1116, 'Chafi', 'Amina', 'amina.chafi310@email.com', '$2a$12$2pYwxuH4wQBKUioe9EF6ZO2tgbBIYypsZtFNrtYBT06togqzKcEHu', '06012345310', 'QR310', 'passeport', 'P123765', 'photo_310.jpg', 1, 1, '2026-01-13 23:47:50'),
(1117, 'Benjelloun', 'Ismail', 'ismail.benjelloun311@email.com', '$2a$12$2pYwxuH4wQBKUioe9EF6ZO2tgbBIYypsZtFNrtYBT06togqzKcEHu', '06012345311', 'QR311', 'CNI', 'A123766', 'photo_311.jpg', 1, 1, '2026-01-13 23:47:50'),
(1118, 'Mansouri', 'Ghita', 'ghita.mansouri312@email.com', '$2a$12$2pYwxuH4wQBKUioe9EF6ZO2tgbBIYypsZtFNrtYBT06togqzKcEHu', '06012345312', 'QR312', 'carte-etudiant', 'E123767', 'photo_312.jpg', 1, 1, '2026-01-13 23:47:50'),
(1119, 'Zahraoui', 'Mohammed', 'mohammed.zahraoui313@email.com', '$2a$12$2pYwxuH4wQBKUioe9EF6ZO2tgbBIYypsZtFNrtYBT06togqzKcEHu', '06012345313', 'QR313', 'carte-etudiant', 'E123768', 'photo_313.jpg', 1, 1, '2026-01-13 23:47:50'),
(1120, 'Sekkat', 'Hasna', 'hasna.sekkat314@email.com', '$2a$12$2pYwxuH4wQBKUioe9EF6ZO2tgbBIYypsZtFNrtYBT06togqzKcEHu', '06012345314', 'QR314', 'carte-etudiant', 'E123769', 'photo_314.jpg', 1, 1, '2026-01-13 23:47:50'),
(1121, 'Zahraoui', 'Oussama', 'oussama.zahraoui315@email.com', '$2a$12$2pYwxuH4wQBKUioe9EF6ZO2tgbBIYypsZtFNrtYBT06togqzKcEHu', '06012345315', 'QR315', 'passeport', 'P123770', 'photo_315.jpg', 1, 1, '2026-01-13 23:47:50'),
(1122, 'Lazaar', 'Samia', 'samia.lazaar316@email.com', '$2a$12$2pYwxuH4wQBKUioe9EF6ZO2tgbBIYypsZtFNrtYBT06togqzKcEHu', '06012345316', 'QR316', 'CNI', 'A123771', 'photo_316.jpg', 1, 1, '2026-01-13 23:47:50'),
(1123, 'Fassi', 'Ismail', 'ismail.fassi317@email.com', '$2a$12$2pYwxuH4wQBKUioe9EF6ZO2tgbBIYypsZtFNrtYBT06togqzKcEHu', '06012345317', 'QR317', 'passeport', 'P123772', 'photo_317.jpg', 1, 1, '2026-01-13 23:47:50'),
(1124, 'Bennani', 'Jihane', 'jihane.bennani318@email.com', '$2a$12$2pYwxuH4wQBKUioe9EF6ZO2tgbBIYypsZtFNrtYBT06togqzKcEHu', '06012345318', 'QR318', 'passeport', 'P123773', 'photo_318.jpg', 1, 1, '2026-01-13 23:47:50'),
(1125, 'Elharrak', 'Omar', 'omar.elharrak319@email.com', '$2a$12$2pYwxuH4wQBKUioe9EF6ZO2tgbBIYypsZtFNrtYBT06togqzKcEHu', '06012345319', 'QR319', 'CNI', 'A123774', 'photo_319.jpg', 1, 1, '2026-01-13 23:47:50'),
(1126, 'Ouazzani', 'Salma', 'salma.ouazzani320@email.com', '$2a$12$2pYwxuH4wQBKUioe9EF6ZO2tgbBIYypsZtFNrtYBT06togqzKcEHu', '06012345320', 'QR320', 'CNI', 'A123775', 'photo_320.jpg', 1, 1, '2026-01-13 23:47:50'),
(1127, 'Nejjar', 'Nabil', 'nabil.nejjar321@email.com', '$2a$12$2pYwxuH4wQBKUioe9EF6ZO2tgbBIYypsZtFNrtYBT06togqzKcEHu', '06012345321', 'QR321', 'CNI', 'A123776', 'photo_321.jpg', 1, 1, '2026-01-13 23:47:50'),
(1128, 'Tounsi', 'Jihane', 'jihane.tounsi322@email.com', '$2a$12$2pYwxuH4wQBKUioe9EF6ZO2tgbBIYypsZtFNrtYBT06togqzKcEHu', '06012345322', 'QR322', 'CNI', 'A123777', 'photo_322.jpg', 1, 1, '2026-01-13 23:47:50'),
(1129, 'Jaidi', 'Hicham', 'hicham.jaidi323@email.com', '$2a$12$2pYwxuH4wQBKUioe9EF6ZO2tgbBIYypsZtFNrtYBT06togqzKcEHu', '06012345323', 'QR323', 'CNI', 'A123778', 'photo_323.jpg', 1, 1, '2026-01-13 23:47:50'),
(1130, 'Bennis', 'Zineb', 'zineb.bennis324@email.com', '$2a$12$2pYwxuH4wQBKUioe9EF6ZO2tgbBIYypsZtFNrtYBT06togqzKcEHu', '06012345324', 'QR324', 'carte-etudiant', 'E123779', 'photo_324.jpg', 1, 1, '2026-01-13 23:47:50'),
(1131, 'Tounsi', 'Mourad', 'mourad.tounsi325@email.com', '$2a$12$2pYwxuH4wQBKUioe9EF6ZO2tgbBIYypsZtFNrtYBT06togqzKcEHu', '06012345325', 'QR325', 'passeport', 'P123780', 'photo_325.jpg', 1, 1, '2026-01-13 23:47:50'),
(1132, 'Ghazali', 'Lamiae', 'lamiae.ghazali326@email.com', '$2a$12$2pYwxuH4wQBKUioe9EF6ZO2tgbBIYypsZtFNrtYBT06togqzKcEHu', '06012345326', 'QR326', 'CNI', 'A123781', 'photo_326.jpg', 1, 1, '2026-01-13 23:47:50'),
(1133, 'Moussaoui', 'Anass', 'anass.moussaoui327@email.com', '$2a$12$2pYwxuH4wQBKUioe9EF6ZO2tgbBIYypsZtFNrtYBT06togqzKcEHu', '06012345327', 'QR327', 'CNI', 'A123782', 'photo_327.jpg', 1, 1, '2026-01-13 23:47:50'),
(1134, 'Alami', 'Rim', 'rim.alami328@email.com', '$2a$12$2pYwxuH4wQBKUioe9EF6ZO2tgbBIYypsZtFNrtYBT06togqzKcEHu', '06012345328', 'QR328', 'passeport', 'P123783', 'photo_328.jpg', 1, 1, '2026-01-13 23:47:50'),
(1135, 'Benabdallah', 'Reda', 'reda.benabdallah329@email.com', '$2a$12$2pYwxuH4wQBKUioe9EF6ZO2tgbBIYypsZtFNrtYBT06togqzKcEHu', '06012345329', 'QR329', 'carte-etudiant', 'E123784', 'photo_329.jpg', 1, 1, '2026-01-13 23:47:50'),
(1136, 'Lazrak', 'Ibtissam', 'ibtissam.lazrak330@email.com', '$2a$12$2pYwxuH4wQBKUioe9EF6ZO2tgbBIYypsZtFNrtYBT06togqzKcEHu', '06012345330', 'QR330', 'passeport', 'P123785', 'photo_330.jpg', 1, 1, '2026-01-13 23:47:50'),
(1137, 'Bouabid', 'Mohammed', 'mohammed.bouabid331@email.com', '$2a$12$2pYwxuH4wQBKUioe9EF6ZO2tgbBIYypsZtFNrtYBT06togqzKcEHu', '06012345331', 'QR331', 'carte-etudiant', 'E123786', 'photo_331.jpg', 1, 1, '2026-01-13 23:47:50'),
(1138, 'Bennis', 'Salima', 'salima.bennis332@email.com', '$2a$12$2pYwxuH4wQBKUioe9EF6ZO2tgbBIYypsZtFNrtYBT06togqzKcEHu', '06012345332', 'QR332', 'CNI', 'A123787', 'photo_332.jpg', 1, 1, '2026-01-13 23:47:50'),
(1139, 'Raji', 'Walid', 'walid.raji333@email.com', '$2a$12$2pYwxuH4wQBKUioe9EF6ZO2tgbBIYypsZtFNrtYBT06togqzKcEHu', '06012345333', 'QR333', 'passeport', 'P123788', 'photo_333.jpg', 1, 1, '2026-01-13 23:47:50'),
(1140, 'Semlali', 'Laila', 'laila.semlali334@email.com', '$2a$12$2pYwxuH4wQBKUioe9EF6ZO2tgbBIYypsZtFNrtYBT06togqzKcEHu', '06012345334', 'QR334', 'passeport', 'P123789', 'photo_334.jpg', 1, 1, '2026-01-13 23:47:50'),
(1141, 'Zaki', 'Omar', 'omar.zaki335@email.com', '$2a$12$2pYwxuH4wQBKUioe9EF6ZO2tgbBIYypsZtFNrtYBT06togqzKcEHu', '06012345335', 'QR335', 'passeport', 'P123790', 'photo_335.jpg', 1, 1, '2026-01-13 23:47:50'),
(1142, 'Zaki', 'Karima', 'karima.zaki336@email.com', '$2a$12$2pYwxuH4wQBKUioe9EF6ZO2tgbBIYypsZtFNrtYBT06togqzKcEHu', '06012345336', 'QR336', 'CNI', 'A123791', 'photo_336.jpg', 1, 1, '2026-01-13 23:47:50'),
(1143, 'Lahlou', 'Ilyas', 'ilyas.lahlou337@email.com', '$2a$12$2pYwxuH4wQBKUioe9EF6ZO2tgbBIYypsZtFNrtYBT06togqzKcEHu', '06012345337', 'QR337', 'passeport', 'P123792', 'photo_337.jpg', 1, 1, '2026-01-13 23:47:50'),
(1144, 'Bekkali', 'Zineb', 'zineb.bekkali338@email.com', '$2a$12$2pYwxuH4wQBKUioe9EF6ZO2tgbBIYypsZtFNrtYBT06togqzKcEHu', '06012345338', 'QR338', 'CNI', 'A123793', 'photo_338.jpg', 1, 1, '2026-01-13 23:47:50'),
(1145, 'Ghazali', 'Soufiane', 'soufiane.ghazali339@email.com', '$2a$12$2pYwxuH4wQBKUioe9EF6ZO2tgbBIYypsZtFNrtYBT06togqzKcEHu', '06012345339', 'QR339', 'carte-etudiant', 'E123794', 'photo_339.jpg', 1, 1, '2026-01-13 23:47:50'),
(1146, 'Slimani', 'Samia', 'samia.slimani340@email.com', '$2a$12$2pYwxuH4wQBKUioe9EF6ZO2tgbBIYypsZtFNrtYBT06togqzKcEHu', '06012345340', 'QR340', 'carte-etudiant', 'E123795', 'photo_340.jpg', 1, 1, '2026-01-13 23:47:50'),
(1147, 'Bennani', 'Jamal', 'jamal.bennani341@email.com', '$2a$12$2pYwxuH4wQBKUioe9EF6ZO2tgbBIYypsZtFNrtYBT06togqzKcEHu', '06012345341', 'QR341', 'CNI', 'A123796', 'photo_341.jpg', 1, 1, '2026-01-13 23:47:50'),
(1148, 'Bekkali', 'Hasna', 'hasna.bekkali342@email.com', '$2a$12$2pYwxuH4wQBKUioe9EF6ZO2tgbBIYypsZtFNrtYBT06togqzKcEHu', '06012345342', 'QR342', 'CNI', 'A123797', 'photo_342.jpg', 1, 1, '2026-01-13 23:47:50'),
(1149, 'Hassani', 'Tarik', 'tarik.hassani343@email.com', '$2a$12$2pYwxuH4wQBKUioe9EF6ZO2tgbBIYypsZtFNrtYBT06togqzKcEHu', '06012345343', 'QR343', 'passeport', 'P123798', 'photo_343.jpg', 1, 1, '2026-01-13 23:47:50'),
(1150, 'Skalli', 'Laila', 'laila.skalli344@email.com', '$2a$12$2pYwxuH4wQBKUioe9EF6ZO2tgbBIYypsZtFNrtYBT06togqzKcEHu', '06012345344', 'QR344', 'passeport', 'P123799', 'photo_344.jpg', 1, 1, '2026-01-13 23:47:50'),
(1151, 'Bennis', 'Ayoub', 'ayoub.bennis345@email.com', '$2a$12$2pYwxuH4wQBKUioe9EF6ZO2tgbBIYypsZtFNrtYBT06togqzKcEHu', '06012345345', 'QR345', 'carte-etudiant', 'E123800', 'photo_345.jpg', 1, 1, '2026-01-13 23:47:50'),
(1152, 'Nejjar', 'Asmae', 'asmae.nejjar346@email.com', '$2a$12$2pYwxuH4wQBKUioe9EF6ZO2tgbBIYypsZtFNrtYBT06togqzKcEHu', '06012345346', 'QR346', 'carte-etudiant', 'E123801', 'photo_346.jpg', 1, 1, '2026-01-13 23:47:50'),
(1153, 'Bekkali', 'Hamza', 'hamza.bekkali347@email.com', '$2a$12$2pYwxuH4wQBKUioe9EF6ZO2tgbBIYypsZtFNrtYBT06togqzKcEHu', '06012345347', 'QR347', 'carte-etudiant', 'E123802', 'photo_347.jpg', 1, 1, '2026-01-13 23:47:50'),
(1154, 'Fassi', 'Nadia', 'nadia.fassi348@email.com', '$2a$12$2pYwxuH4wQBKUioe9EF6ZO2tgbBIYypsZtFNrtYBT06togqzKcEHu', '06012345348', 'QR348', 'passeport', 'P123803', 'photo_348.jpg', 1, 1, '2026-01-13 23:47:50'),
(1155, 'Jaidi', 'Hicham', 'hicham.jaidi349@email.com', '$2a$12$2pYwxuH4wQBKUioe9EF6ZO2tgbBIYypsZtFNrtYBT06togqzKcEHu', '06012345349', 'QR349', 'carte-etudiant', 'E123804', 'photo_349.jpg', 1, 1, '2026-01-13 23:47:50'),
(1156, 'Lamrani', 'Malika', 'malika.lamrani350@email.com', '$2a$12$2pYwxuH4wQBKUioe9EF6ZO2tgbBIYypsZtFNrtYBT06togqzKcEHu', '06012345350', 'QR350', 'carte-etudiant', 'E123805', 'photo_350.jpg', 1, 1, '2026-01-13 23:47:50'),
(1157, 'Lamrani', 'Mehdi', 'mehdi.lamrani351@email.com', '$2a$12$2pYwxuH4wQBKUioe9EF6ZO2tgbBIYypsZtFNrtYBT06togqzKcEHu', '06012345351', 'QR351', 'CNI', 'A123806', 'photo_351.jpg', 1, 1, '2026-01-13 23:47:50'),
(1158, 'Zahraoui', 'Samira', 'samira.zahraoui352@email.com', '$2a$12$2pYwxuH4wQBKUioe9EF6ZO2tgbBIYypsZtFNrtYBT06togqzKcEHu', '06012345352', 'QR352', 'passeport', 'P123807', 'photo_352.jpg', 1, 1, '2026-01-13 23:47:50'),
(1159, 'Bouabid', 'Hamid', 'hamid.bouabid353@email.com', '$2a$12$2pYwxuH4wQBKUioe9EF6ZO2tgbBIYypsZtFNrtYBT06togqzKcEHu', '06012345353', 'QR353', 'CNI', 'A123808', 'photo_353.jpg', 1, 1, '2026-01-13 23:47:50'),
(1160, 'Raji', 'Samira', 'samira.raji354@email.com', '$2a$12$2pYwxuH4wQBKUioe9EF6ZO2tgbBIYypsZtFNrtYBT06togqzKcEHu', '06012345354', 'QR354', 'passeport', 'P123809', 'photo_354.jpg', 1, 1, '2026-01-13 23:47:50'),
(1161, 'Lazaar', 'Tarik', 'tarik.lazaar355@email.com', '$2a$12$2pYwxuH4wQBKUioe9EF6ZO2tgbBIYypsZtFNrtYBT06togqzKcEHu', '06012345355', 'QR355', 'passeport', 'P123810', 'photo_355.jpg', 1, 1, '2026-01-13 23:47:50'),
(1162, 'Tazi', 'Amina', 'amina.tazi356@email.com', '$2a$12$2pYwxuH4wQBKUioe9EF6ZO2tgbBIYypsZtFNrtYBT06togqzKcEHu', '06012345356', 'QR356', 'passeport', 'P123811', 'photo_356.jpg', 1, 1, '2026-01-13 23:47:50'),
(1163, 'Tazi', 'Mehdi', 'mehdi.tazi357@email.com', '$2a$12$2pYwxuH4wQBKUioe9EF6ZO2tgbBIYypsZtFNrtYBT06togqzKcEHu', '06012345357', 'QR357', 'passeport', 'P123812', 'photo_357.jpg', 1, 1, '2026-01-13 23:47:50'),
(1164, 'Naciri', 'Leila', 'leila.naciri358@email.com', '$2a$12$2pYwxuH4wQBKUioe9EF6ZO2tgbBIYypsZtFNrtYBT06togqzKcEHu', '06012345358', 'QR358', 'CNI', 'A123813', 'photo_358.jpg', 1, 1, '2026-01-13 23:47:50'),
(1165, 'Lamrani', 'Reda', 'reda.lamrani359@email.com', '$2a$12$2pYwxuH4wQBKUioe9EF6ZO2tgbBIYypsZtFNrtYBT06togqzKcEHu', '06012345359', 'QR359', 'passeport', 'P123814', 'photo_359.jpg', 1, 1, '2026-01-13 23:47:50'),
(1166, 'Belghazi', 'Amina', 'amina.belghazi360@email.com', '$2a$12$2pYwxuH4wQBKUioe9EF6ZO2tgbBIYypsZtFNrtYBT06togqzKcEHu', '06012345360', 'QR360', 'carte-etudiant', 'E123815', 'photo_360.jpg', 1, 1, '2026-01-13 23:47:50'),
(1167, 'Semlali', 'Anass', 'anass.semlali361@email.com', '$2a$12$2pYwxuH4wQBKUioe9EF6ZO2tgbBIYypsZtFNrtYBT06togqzKcEHu', '06012345361', 'QR361', 'CNI', 'A123816', 'photo_361.jpg', 1, 1, '2026-01-13 23:47:50'),
(1168, 'Berrada', 'Hasna', 'hasna.berrada362@email.com', '$2a$12$2pYwxuH4wQBKUioe9EF6ZO2tgbBIYypsZtFNrtYBT06togqzKcEHu', '06012345362', 'QR362', 'carte-etudiant', 'E123817', 'photo_362.jpg', 1, 1, '2026-01-13 23:47:50'),
(1169, 'Alami', 'Othman', 'othman.alami363@email.com', '$2a$12$2pYwxuH4wQBKUioe9EF6ZO2tgbBIYypsZtFNrtYBT06togqzKcEHu', '06012345363', 'QR363', 'passeport', 'P123818', 'photo_363.jpg', 1, 1, '2026-01-13 23:47:50'),
(1170, 'Hilali', 'Malika', 'malika.hilali364@email.com', '$2a$12$2pYwxuH4wQBKUioe9EF6ZO2tgbBIYypsZtFNrtYBT06togqzKcEHu', '06012345364', 'QR364', 'carte-etudiant', 'E123819', 'photo_364.jpg', 1, 1, '2026-01-13 23:47:50'),
(1171, 'Benabdallah', 'Amine', 'amine.benabdallah365@email.com', '$2a$12$2pYwxuH4wQBKUioe9EF6ZO2tgbBIYypsZtFNrtYBT06togqzKcEHu', '06012345365', 'QR365', 'CNI', 'A123820', 'photo_365.jpg', 1, 1, '2026-01-13 23:47:50'),
(1172, 'Fassi', 'Khadija', 'khadija.fassi366@email.com', '$2a$12$2pYwxuH4wQBKUioe9EF6ZO2tgbBIYypsZtFNrtYBT06togqzKcEHu', '06012345366', 'QR366', 'CNI', 'A123821', 'photo_366.jpg', 1, 1, '2026-01-13 23:47:50'),
(1173, 'Amrani', 'Mourad', 'mourad.amrani367@email.com', '$2a$12$2pYwxuH4wQBKUioe9EF6ZO2tgbBIYypsZtFNrtYBT06togqzKcEHu', '06012345367', 'QR367', 'CNI', 'A123822', 'photo_367.jpg', 1, 1, '2026-01-13 23:47:50'),
(1174, 'Slimani', 'Asmae', 'asmae.slimani368@email.com', '$2a$12$2pYwxuH4wQBKUioe9EF6ZO2tgbBIYypsZtFNrtYBT06togqzKcEHu', '06012345368', 'QR368', 'CNI', 'A123823', 'photo_368.jpg', 1, 1, '2026-01-13 23:47:50'),
(1175, 'Lamrani', 'Yassine', 'yassine.lamrani369@email.com', '$2a$12$2pYwxuH4wQBKUioe9EF6ZO2tgbBIYypsZtFNrtYBT06togqzKcEHu', '06012345369', 'QR369', 'CNI', 'A123824', 'photo_369.jpg', 1, 1, '2026-01-13 23:47:50'),
(1176, 'Drissi', 'Hasna', 'hasna.drissi370@email.com', '$2a$12$2pYwxuH4wQBKUioe9EF6ZO2tgbBIYypsZtFNrtYBT06togqzKcEHu', '06012345370', 'QR370', 'CNI', 'A123825', 'photo_370.jpg', 1, 1, '2026-01-13 23:47:50'),
(1177, 'Zaari', 'Mustapha', 'mustapha.zaari371@email.com', '$2a$12$2pYwxuH4wQBKUioe9EF6ZO2tgbBIYypsZtFNrtYBT06togqzKcEHu', '06012345371', 'QR371', 'carte-etudiant', 'E123826', 'photo_371.jpg', 1, 1, '2026-01-13 23:47:50'),
(1178, 'Zaari', 'Loubna', 'loubna.zaari372@email.com', '$2a$12$2pYwxuH4wQBKUioe9EF6ZO2tgbBIYypsZtFNrtYBT06togqzKcEHu', '06012345372', 'QR372', 'passeport', 'P123827', 'photo_372.jpg', 1, 1, '2026-01-13 23:47:50'),
(1179, 'Benabdallah', 'Mourad', 'mourad.benabdallah373@email.com', '$2a$12$2pYwxuH4wQBKUioe9EF6ZO2tgbBIYypsZtFNrtYBT06togqzKcEHu', '06012345373', 'QR373', 'passeport', 'P123828', 'photo_373.jpg', 1, 1, '2026-01-13 23:47:50'),
(1180, 'Jilali', 'Meryem', 'meryem.jilali374@email.com', '$2a$12$2pYwxuH4wQBKUioe9EF6ZO2tgbBIYypsZtFNrtYBT06togqzKcEHu', '06012345374', 'QR374', 'CNI', 'A123829', 'photo_374.jpg', 1, 1, '2026-01-13 23:47:50'),
(1181, 'Chafi', 'Soufiane', 'soufiane.chafi375@email.com', '$2a$12$2pYwxuH4wQBKUioe9EF6ZO2tgbBIYypsZtFNrtYBT06togqzKcEHu', '06012345375', 'QR375', 'carte-etudiant', 'E123830', 'photo_375.jpg', 1, 1, '2026-01-13 23:47:50'),
(1182, 'Bekkali', 'Meryem', 'meryem.bekkali376@email.com', '$2a$12$2pYwxuH4wQBKUioe9EF6ZO2tgbBIYypsZtFNrtYBT06togqzKcEHu', '06012345376', 'QR376', 'carte-etudiant', 'E123831', 'photo_376.jpg', 1, 1, '2026-01-13 23:47:50'),
(1183, 'Kabbaj', 'Soufiane', 'soufiane.kabbaj377@email.com', '$2a$12$2pYwxuH4wQBKUioe9EF6ZO2tgbBIYypsZtFNrtYBT06togqzKcEHu', '06012345377', 'QR377', 'passeport', 'P123832', 'photo_377.jpg', 1, 1, '2026-01-13 23:47:50'),
(1184, 'Mansouri', 'Siham', 'siham.mansouri378@email.com', '$2a$12$2pYwxuH4wQBKUioe9EF6ZO2tgbBIYypsZtFNrtYBT06togqzKcEHu', '06012345378', 'QR378', 'passeport', 'P123833', 'photo_378.jpg', 1, 1, '2026-01-13 23:47:50'),
(1185, 'Benabdallah', 'Hamid', 'hamid.benabdallah379@email.com', '$2a$12$2pYwxuH4wQBKUioe9EF6ZO2tgbBIYypsZtFNrtYBT06togqzKcEHu', '06012345379', 'QR379', 'passeport', 'P123834', 'photo_379.jpg', 1, 1, '2026-01-13 23:47:50'),
(1186, 'Bouchentouf', 'Laila', 'laila.bouchentouf380@email.com', '$2a$12$2pYwxuH4wQBKUioe9EF6ZO2tgbBIYypsZtFNrtYBT06togqzKcEHu', '06012345380', 'QR380', 'carte-etudiant', 'E123835', 'photo_380.jpg', 1, 1, '2026-01-13 23:47:50'),
(1187, 'Bekkali', 'Ismail', 'ismail.bekkali381@email.com', '$2a$12$2pYwxuH4wQBKUioe9EF6ZO2tgbBIYypsZtFNrtYBT06togqzKcEHu', '06012345381', 'QR381', 'passeport', 'P123836', 'photo_381.jpg', 1, 1, '2026-01-13 23:47:50'),
(1188, 'Lemrani', 'Sara', 'sara.lemrani382@email.com', '$2a$12$2pYwxuH4wQBKUioe9EF6ZO2tgbBIYypsZtFNrtYBT06togqzKcEHu', '06012345382', 'QR382', 'carte-etudiant', 'E123837', 'photo_382.jpg', 1, 1, '2026-01-13 23:47:50'),
(1189, 'Nejjar', 'Jamal', 'jamal.nejjar383@email.com', '$2a$12$2pYwxuH4wQBKUioe9EF6ZO2tgbBIYypsZtFNrtYBT06togqzKcEHu', '06012345383', 'QR383', 'carte-etudiant', 'E123838', 'photo_383.jpg', 1, 1, '2026-01-13 23:47:50'),
(1190, 'Ouazzani', 'Imane', 'imane.ouazzani384@email.com', '$2a$12$2pYwxuH4wQBKUioe9EF6ZO2tgbBIYypsZtFNrtYBT06togqzKcEHu', '06012345384', 'QR384', 'passeport', 'P123839', 'photo_384.jpg', 1, 1, '2026-01-13 23:47:50'),
(1191, 'Moussaoui', 'Abdelilah', 'abdelilah.moussaoui385@email.com', '$2a$12$2pYwxuH4wQBKUioe9EF6ZO2tgbBIYypsZtFNrtYBT06togqzKcEHu', '06012345385', 'QR385', 'CNI', 'A123840', 'photo_385.jpg', 1, 1, '2026-01-13 23:47:50'),
(1192, 'Lemrani', 'Hasna', 'hasna.lemrani386@email.com', '$2a$12$2pYwxuH4wQBKUioe9EF6ZO2tgbBIYypsZtFNrtYBT06togqzKcEHu', '06012345386', 'QR386', 'CNI', 'A123841', 'photo_386.jpg', 1, 1, '2026-01-13 23:47:50'),
(1193, 'Nejjar', 'Abdelilah', 'abdelilah.nejjar387@email.com', '$2a$12$2pYwxuH4wQBKUioe9EF6ZO2tgbBIYypsZtFNrtYBT06togqzKcEHu', '06012345387', 'QR387', 'passeport', 'P123842', 'photo_387.jpg', 1, 1, '2026-01-13 23:47:50'),
(1194, 'Kadiri', 'Btissam', 'btissam.kadiri388@email.com', '$2a$12$2pYwxuH4wQBKUioe9EF6ZO2tgbBIYypsZtFNrtYBT06togqzKcEHu', '06012345388', 'QR388', 'CNI', 'A123843', 'photo_388.jpg', 1, 1, '2026-01-13 23:47:50'),
(1195, 'Benslimane', 'Amine', 'amine.benslimane389@email.com', '$2a$12$2pYwxuH4wQBKUioe9EF6ZO2tgbBIYypsZtFNrtYBT06togqzKcEHu', '06012345389', 'QR389', 'passeport', 'P123844', 'photo_389.jpg', 1, 1, '2026-01-13 23:47:50'),
(1196, 'Bennis', 'Rim', 'rim.bennis390@email.com', '$2a$12$2pYwxuH4wQBKUioe9EF6ZO2tgbBIYypsZtFNrtYBT06togqzKcEHu', '06012345390', 'QR390', 'CNI', 'A123845', 'photo_390.jpg', 1, 1, '2026-01-13 23:47:50'),
(1197, 'Skalli', 'Badr', 'badr.skalli391@email.com', '$2a$12$2pYwxuH4wQBKUioe9EF6ZO2tgbBIYypsZtFNrtYBT06togqzKcEHu', '06012345391', 'QR391', 'CNI', 'A123846', 'photo_391.jpg', 1, 1, '2026-01-13 23:47:50'),
(1198, 'Hajji', 'Loubna', 'loubna.hajji392@email.com', '$2a$12$2pYwxuH4wQBKUioe9EF6ZO2tgbBIYypsZtFNrtYBT06togqzKcEHu', '06012345392', 'QR392', 'CNI', 'A123847', 'photo_392.jpg', 1, 1, '2026-01-13 23:47:50'),
(1199, 'Lazaar', 'Karim', 'karim.lazaar393@email.com', '$2a$12$2pYwxuH4wQBKUioe9EF6ZO2tgbBIYypsZtFNrtYBT06togqzKcEHu', '06012345393', 'QR393', 'passeport', 'P123848', 'photo_393.jpg', 1, 1, '2026-01-13 23:47:50'),
(1200, 'Bekkali', 'Dounia', 'dounia.bekkali394@email.com', '$2a$12$2pYwxuH4wQBKUioe9EF6ZO2tgbBIYypsZtFNrtYBT06togqzKcEHu', '06012345394', 'QR394', 'CNI', 'A123849', 'photo_394.jpg', 1, 1, '2026-01-13 23:47:50'),
(1201, 'Hajji', 'Tarik', 'tarik.hajji395@email.com', '$2a$12$2pYwxuH4wQBKUioe9EF6ZO2tgbBIYypsZtFNrtYBT06togqzKcEHu', '06012345395', 'QR395', 'passeport', 'P123850', 'photo_395.jpg', 1, 1, '2026-01-13 23:47:50'),
(1202, 'Bouchentouf', 'Houda', 'houda.bouchentouf396@email.com', '$2a$12$2pYwxuH4wQBKUioe9EF6ZO2tgbBIYypsZtFNrtYBT06togqzKcEHu', '06012345396', 'QR396', 'carte-etudiant', 'E123851', 'photo_396.jpg', 1, 1, '2026-01-13 23:47:50'),
(1203, 'Lazrak', 'Khalid', 'khalid.lazrak397@email.com', '$2a$12$2pYwxuH4wQBKUioe9EF6ZO2tgbBIYypsZtFNrtYBT06togqzKcEHu', '06012345397', 'QR397', 'carte-etudiant', 'E123852', 'photo_397.jpg', 1, 1, '2026-01-13 23:47:50'),
(1204, 'Chakir', 'Meryem', 'meryem.chakir398@email.com', '$2a$12$2pYwxuH4wQBKUioe9EF6ZO2tgbBIYypsZtFNrtYBT06togqzKcEHu', '06012345398', 'QR398', 'CNI', 'A123853', 'photo_398.jpg', 1, 1, '2026-01-13 23:47:50'),
(1205, 'Ghazali', 'Oussama', 'oussama.ghazali399@email.com', '$2a$12$2pYwxuH4wQBKUioe9EF6ZO2tgbBIYypsZtFNrtYBT06togqzKcEHu', '06012345399', 'QR399', 'passeport', 'P123854', 'photo_399.jpg', 1, 1, '2026-01-13 23:47:50'),
(1206, 'Alami', 'Chaimae', 'chaimae.alami400@email.com', '$2a$12$2pYwxuH4wQBKUioe9EF6ZO2tgbBIYypsZtFNrtYBT06togqzKcEHu', '06012345400', 'QR400', 'carte-etudiant', 'E123855', 'photo_400.jpg', 1, 1, '2026-01-13 23:47:50');

-- --------------------------------------------------------

--
-- Structure de la table `poste`
--

CREATE TABLE `poste` (
  `id_poste` int(11) NOT NULL,
  `intitule` varchar(100) NOT NULL,
  `description` text DEFAULT NULL
) ENGINE=InnoDB DEFAULT CHARSET=utf8mb4 COLLATE=utf8mb4_general_ci;

--
-- Déchargement des données de la table `poste`
--

INSERT INTO `poste` (`id_poste`, `intitule`, `description`) VALUES
(1, 'Président', NULL),
(2, 'Vice-Président', NULL),
(3, 'Secrétaire', NULL),
(4, 'Trésorier', NULL);

-- --------------------------------------------------------

--
-- Structure de la table `priorites_candidat`
--

CREATE TABLE `priorites_candidat` (
  `id` int(11) NOT NULL,
  `id_candidat` int(11) DEFAULT NULL,
  `priorite` text DEFAULT NULL
) ENGINE=InnoDB DEFAULT CHARSET=utf8mb4 COLLATE=utf8mb4_general_ci;

--
-- Déchargement des données de la table `priorites_candidat`
--

INSERT INTO `priorites_candidat` (`id`, `id_candidat`, `priorite`) VALUES
(1, 1, 'Développer l\'innovation'),
(2, 2, 'Améliorer la solidarité'),
(3, 3, 'Renforcer la communication'),
(4, 4, 'Optimiser les finances'),
(5, 5, 'Favoriser la cohésion'),
(6, 6, 'Soutenir les projets étudiants'),
(7, 7, 'Améliorer l\'organisation'),
(8, 8, 'Gérer les budgets'),
(9, 9, 'Encourager l\'engagement'),
(10, 10, 'Développer la créativité'),
(11, 11, 'Améliorer la représentation'),
(12, 12, 'Renforcer la vie associative');

-- --------------------------------------------------------

--
-- Doublure de structure pour la vue `resultats_en_direct`
-- (Voir ci-dessous la vue réelle)
--
CREATE TABLE `resultats_en_direct` (
`id_poste` int(11)
,`poste` varchar(100)
,`id_candidat` int(11)
,`candidat` varchar(201)
,`equipe` varchar(100)
,`total_votes` bigint(21)
);

-- --------------------------------------------------------

--
-- Doublure de structure pour la vue `resultats_en_direct_pourcentage`
-- (Voir ci-dessous la vue réelle)
--
CREATE TABLE `resultats_en_direct_pourcentage` (
`id_poste` int(11)
,`poste` varchar(100)
,`id_candidat` int(11)
,`candidat` varchar(201)
,`equipe` varchar(100)
,`total_votes` bigint(21)
,`pourcentage_votes` decimal(26,2)
);

-- --------------------------------------------------------

--
-- Doublure de structure pour la vue `statistiques_globales`
-- (Voir ci-dessous la vue réelle)
--
CREATE TABLE `statistiques_globales` (
`table_name` varchar(19)
,`total` bigint(21)
);

-- --------------------------------------------------------

--
-- Structure de la table `vote`
--

CREATE TABLE `vote` (
  `id_vote` int(11) NOT NULL,
  `id_participant` int(11) NOT NULL,
  `id_candidat` int(11) NOT NULL,
  `id_poste` int(11) NOT NULL,
  `date_vote` datetime DEFAULT current_timestamp()
) ENGINE=InnoDB DEFAULT CHARSET=utf8mb4 COLLATE=utf8mb4_general_ci;

--
-- Déchargement des données de la table `vote`
--

INSERT INTO `vote` (`id_vote`, `id_participant`, `id_candidat`, `id_poste`, `date_vote`) VALUES
(226, 807, 2, 1, '2026-01-13 23:57:13'),
(227, 807, 6, 2, '2026-01-13 23:57:13'),
(228, 807, 11, 3, '2026-01-13 23:57:13'),
(229, 807, 4, 4, '2026-01-13 23:57:13'),
(230, 808, 2, 1, '2026-01-13 23:57:14'),
(231, 808, 6, 2, '2026-01-13 23:57:14'),
(232, 808, 11, 3, '2026-01-13 23:57:14'),
(233, 808, 4, 4, '2026-01-13 23:57:14'),
(234, 809, 2, 1, '2026-01-13 23:57:14'),
(235, 809, 6, 2, '2026-01-13 23:57:14'),
(236, 809, 11, 3, '2026-01-13 23:57:14'),
(237, 809, 4, 4, '2026-01-13 23:57:14'),
(238, 810, 2, 1, '2026-01-13 23:57:14'),
(239, 810, 6, 2, '2026-01-13 23:57:14'),
(240, 810, 11, 3, '2026-01-13 23:57:14'),
(241, 810, 4, 4, '2026-01-13 23:57:14'),
(242, 811, 2, 1, '2026-01-13 23:57:15'),
(243, 811, 6, 2, '2026-01-13 23:57:15'),
(244, 811, 11, 3, '2026-01-13 23:57:15'),
(245, 811, 4, 4, '2026-01-13 23:57:15'),
(246, 812, 2, 1, '2026-01-13 23:57:15'),
(247, 812, 6, 2, '2026-01-13 23:57:15'),
(248, 812, 11, 3, '2026-01-13 23:57:15'),
(249, 812, 4, 4, '2026-01-13 23:57:15'),
(250, 813, 2, 1, '2026-01-13 23:57:15'),
(251, 813, 6, 2, '2026-01-13 23:57:15'),
(252, 813, 11, 3, '2026-01-13 23:57:15'),
(253, 813, 4, 4, '2026-01-13 23:57:15'),
(254, 814, 2, 1, '2026-01-13 23:57:16'),
(255, 814, 6, 2, '2026-01-13 23:57:16'),
(256, 814, 11, 3, '2026-01-13 23:57:16'),
(257, 814, 4, 4, '2026-01-13 23:57:16'),
(258, 815, 2, 1, '2026-01-13 23:57:16'),
(259, 815, 6, 2, '2026-01-13 23:57:16'),
(260, 815, 11, 3, '2026-01-13 23:57:16'),
(261, 815, 4, 4, '2026-01-13 23:57:16'),
(262, 816, 2, 1, '2026-01-13 23:57:17'),
(263, 816, 6, 2, '2026-01-13 23:57:17'),
(264, 816, 11, 3, '2026-01-13 23:57:17'),
(265, 816, 4, 4, '2026-01-13 23:57:17'),
(266, 817, 2, 1, '2026-01-13 23:57:17'),
(267, 817, 6, 2, '2026-01-13 23:57:17'),
(268, 817, 11, 3, '2026-01-13 23:57:17'),
(269, 817, 4, 4, '2026-01-13 23:57:17'),
(270, 818, 2, 1, '2026-01-13 23:57:17'),
(271, 818, 6, 2, '2026-01-13 23:57:17'),
(272, 818, 11, 3, '2026-01-13 23:57:17'),
(273, 818, 4, 4, '2026-01-13 23:57:17'),
(274, 819, 2, 1, '2026-01-13 23:57:18'),
(275, 819, 6, 2, '2026-01-13 23:57:18'),
(276, 819, 11, 3, '2026-01-13 23:57:18'),
(277, 819, 4, 4, '2026-01-13 23:57:18'),
(278, 820, 2, 1, '2026-01-13 23:57:18'),
(279, 820, 6, 2, '2026-01-13 23:57:18'),
(280, 820, 11, 3, '2026-01-13 23:57:18'),
(281, 820, 4, 4, '2026-01-13 23:57:18'),
(282, 821, 2, 1, '2026-01-13 23:57:18'),
(283, 821, 6, 2, '2026-01-13 23:57:18'),
(284, 821, 11, 3, '2026-01-13 23:57:18'),
(285, 821, 4, 4, '2026-01-13 23:57:18'),
(286, 822, 2, 1, '2026-01-13 23:57:19'),
(287, 822, 6, 2, '2026-01-13 23:57:19'),
(288, 822, 11, 3, '2026-01-13 23:57:19'),
(289, 822, 4, 4, '2026-01-13 23:57:19'),
(290, 823, 2, 1, '2026-01-13 23:57:19'),
(291, 823, 6, 2, '2026-01-13 23:57:19'),
(292, 823, 11, 3, '2026-01-13 23:57:19'),
(293, 823, 4, 4, '2026-01-13 23:57:19'),
(294, 824, 2, 1, '2026-01-13 23:57:20'),
(295, 824, 6, 2, '2026-01-13 23:57:20'),
(296, 824, 11, 3, '2026-01-13 23:57:20'),
(297, 824, 4, 4, '2026-01-13 23:57:20'),
(298, 825, 2, 1, '2026-01-13 23:57:20'),
(299, 825, 6, 2, '2026-01-13 23:57:20'),
(300, 825, 11, 3, '2026-01-13 23:57:20'),
(301, 825, 4, 4, '2026-01-13 23:57:20'),
(302, 826, 2, 1, '2026-01-13 23:57:20'),
(303, 826, 6, 2, '2026-01-13 23:57:20'),
(304, 826, 11, 3, '2026-01-13 23:57:20'),
(305, 826, 4, 4, '2026-01-13 23:57:20'),
(306, 827, 2, 1, '2026-01-13 23:57:21'),
(307, 827, 6, 2, '2026-01-13 23:57:21'),
(308, 827, 11, 3, '2026-01-13 23:57:21'),
(309, 827, 4, 4, '2026-01-13 23:57:21'),
(310, 828, 2, 1, '2026-01-13 23:57:21'),
(311, 828, 6, 2, '2026-01-13 23:57:21'),
(312, 828, 11, 3, '2026-01-13 23:57:21'),
(313, 828, 4, 4, '2026-01-13 23:57:21'),
(314, 829, 2, 1, '2026-01-13 23:57:21'),
(315, 829, 6, 2, '2026-01-13 23:57:21'),
(316, 829, 11, 3, '2026-01-13 23:57:21'),
(317, 829, 4, 4, '2026-01-13 23:57:21'),
(318, 830, 2, 1, '2026-01-13 23:57:22'),
(319, 830, 6, 2, '2026-01-13 23:57:22'),
(320, 830, 11, 3, '2026-01-13 23:57:22'),
(321, 830, 4, 4, '2026-01-13 23:57:22'),
(322, 831, 2, 1, '2026-01-13 23:57:22'),
(323, 831, 6, 2, '2026-01-13 23:57:22'),
(324, 831, 11, 3, '2026-01-13 23:57:22'),
(325, 831, 4, 4, '2026-01-13 23:57:22'),
(326, 832, 2, 1, '2026-01-13 23:57:23'),
(327, 832, 6, 2, '2026-01-13 23:57:23'),
(328, 832, 11, 3, '2026-01-13 23:57:23'),
(329, 832, 4, 4, '2026-01-13 23:57:23'),
(330, 833, 2, 1, '2026-01-13 23:57:23'),
(331, 833, 6, 2, '2026-01-13 23:57:23'),
(332, 833, 11, 3, '2026-01-13 23:57:23'),
(333, 833, 4, 4, '2026-01-13 23:57:23'),
(334, 834, 2, 1, '2026-01-13 23:57:23'),
(335, 834, 6, 2, '2026-01-13 23:57:23'),
(336, 834, 11, 3, '2026-01-13 23:57:23'),
(337, 834, 4, 4, '2026-01-13 23:57:23'),
(338, 835, 2, 1, '2026-01-13 23:57:24'),
(339, 835, 6, 2, '2026-01-13 23:57:24'),
(340, 835, 11, 3, '2026-01-13 23:57:24'),
(341, 835, 4, 4, '2026-01-13 23:57:24'),
(342, 836, 2, 1, '2026-01-13 23:57:24'),
(343, 836, 6, 2, '2026-01-13 23:57:24'),
(344, 836, 11, 3, '2026-01-13 23:57:24'),
(345, 836, 4, 4, '2026-01-13 23:57:24'),
(346, 837, 2, 1, '2026-01-13 23:57:24'),
(347, 837, 6, 2, '2026-01-13 23:57:24'),
(348, 837, 11, 3, '2026-01-13 23:57:24'),
(349, 837, 4, 4, '2026-01-13 23:57:24'),
(350, 838, 2, 1, '2026-01-13 23:57:25'),
(351, 838, 6, 2, '2026-01-13 23:57:25'),
(352, 838, 11, 3, '2026-01-13 23:57:25'),
(353, 838, 4, 4, '2026-01-13 23:57:25'),
(354, 839, 2, 1, '2026-01-13 23:57:25'),
(355, 839, 6, 2, '2026-01-13 23:57:25'),
(356, 839, 11, 3, '2026-01-13 23:57:25'),
(357, 839, 4, 4, '2026-01-13 23:57:25'),
(358, 840, 2, 1, '2026-01-13 23:57:25'),
(359, 840, 6, 2, '2026-01-13 23:57:25'),
(360, 840, 11, 3, '2026-01-13 23:57:25'),
(361, 840, 4, 4, '2026-01-13 23:57:25'),
(362, 841, 2, 1, '2026-01-13 23:57:26'),
(363, 841, 6, 2, '2026-01-13 23:57:26'),
(364, 841, 11, 3, '2026-01-13 23:57:26'),
(365, 841, 4, 4, '2026-01-13 23:57:26'),
(366, 842, 2, 1, '2026-01-13 23:57:26'),
(367, 842, 6, 2, '2026-01-13 23:57:26'),
(368, 842, 11, 3, '2026-01-13 23:57:26'),
(369, 842, 4, 4, '2026-01-13 23:57:26'),
(370, 843, 2, 1, '2026-01-13 23:57:27'),
(371, 843, 6, 2, '2026-01-13 23:57:27'),
(372, 843, 11, 3, '2026-01-13 23:57:27'),
(373, 843, 4, 4, '2026-01-13 23:57:27'),
(374, 844, 2, 1, '2026-01-13 23:57:27'),
(375, 844, 6, 2, '2026-01-13 23:57:27'),
(376, 844, 11, 3, '2026-01-13 23:57:27'),
(377, 844, 4, 4, '2026-01-13 23:57:27'),
(378, 845, 2, 1, '2026-01-13 23:57:27'),
(379, 845, 6, 2, '2026-01-13 23:57:27'),
(380, 845, 11, 3, '2026-01-13 23:57:27'),
(381, 845, 4, 4, '2026-01-13 23:57:27'),
(382, 846, 2, 1, '2026-01-13 23:57:28'),
(383, 846, 6, 2, '2026-01-13 23:57:28'),
(384, 846, 11, 3, '2026-01-13 23:57:28'),
(385, 846, 4, 4, '2026-01-13 23:57:28'),
(386, 847, 2, 1, '2026-01-13 23:57:28'),
(387, 847, 6, 2, '2026-01-13 23:57:28'),
(388, 847, 11, 3, '2026-01-13 23:57:28'),
(389, 847, 4, 4, '2026-01-13 23:57:28'),
(390, 848, 2, 1, '2026-01-13 23:57:29'),
(391, 848, 6, 2, '2026-01-13 23:57:29'),
(392, 848, 11, 3, '2026-01-13 23:57:29'),
(393, 848, 4, 4, '2026-01-13 23:57:29'),
(394, 849, 2, 1, '2026-01-13 23:57:29'),
(395, 849, 6, 2, '2026-01-13 23:57:29'),
(396, 849, 11, 3, '2026-01-13 23:57:29'),
(397, 849, 4, 4, '2026-01-13 23:57:29'),
(398, 850, 2, 1, '2026-01-13 23:57:29'),
(399, 850, 6, 2, '2026-01-13 23:57:29'),
(400, 850, 11, 3, '2026-01-13 23:57:29'),
(401, 850, 4, 4, '2026-01-13 23:57:29'),
(402, 851, 2, 1, '2026-01-13 23:57:30'),
(403, 851, 6, 2, '2026-01-13 23:57:30'),
(404, 851, 11, 3, '2026-01-13 23:57:30'),
(405, 851, 4, 4, '2026-01-13 23:57:30'),
(406, 852, 2, 1, '2026-01-13 23:57:30'),
(407, 852, 6, 2, '2026-01-13 23:57:30'),
(408, 852, 11, 3, '2026-01-13 23:57:30'),
(409, 852, 4, 4, '2026-01-13 23:57:30'),
(410, 853, 2, 1, '2026-01-13 23:57:30'),
(411, 853, 6, 2, '2026-01-13 23:57:30'),
(412, 853, 11, 3, '2026-01-13 23:57:30'),
(413, 853, 4, 4, '2026-01-13 23:57:30'),
(414, 854, 2, 1, '2026-01-13 23:57:31'),
(415, 854, 6, 2, '2026-01-13 23:57:31'),
(416, 854, 11, 3, '2026-01-13 23:57:31'),
(417, 854, 4, 4, '2026-01-13 23:57:31'),
(418, 855, 2, 1, '2026-01-13 23:57:31'),
(419, 855, 6, 2, '2026-01-13 23:57:31'),
(420, 855, 11, 3, '2026-01-13 23:57:31'),
(421, 855, 4, 4, '2026-01-13 23:57:31'),
(422, 856, 2, 1, '2026-01-13 23:57:32'),
(423, 856, 6, 2, '2026-01-13 23:57:32'),
(424, 856, 11, 3, '2026-01-13 23:57:32'),
(425, 856, 4, 4, '2026-01-13 23:57:32'),
(426, 857, 2, 1, '2026-01-13 23:57:32'),
(427, 857, 6, 2, '2026-01-13 23:57:32'),
(428, 857, 11, 3, '2026-01-13 23:57:32'),
(429, 857, 4, 4, '2026-01-13 23:57:32'),
(430, 858, 2, 1, '2026-01-13 23:57:32'),
(431, 858, 6, 2, '2026-01-13 23:57:32'),
(432, 858, 11, 3, '2026-01-13 23:57:32'),
(433, 858, 4, 4, '2026-01-13 23:57:32'),
(434, 859, 2, 1, '2026-01-13 23:57:33'),
(435, 859, 6, 2, '2026-01-13 23:57:33'),
(436, 859, 11, 3, '2026-01-13 23:57:33'),
(437, 859, 4, 4, '2026-01-13 23:57:33'),
(438, 860, 2, 1, '2026-01-13 23:57:33'),
(439, 860, 6, 2, '2026-01-13 23:57:33'),
(440, 860, 11, 3, '2026-01-13 23:57:33'),
(441, 860, 4, 4, '2026-01-13 23:57:33'),
(442, 861, 2, 1, '2026-01-13 23:57:33'),
(443, 861, 6, 2, '2026-01-13 23:57:33'),
(444, 861, 11, 3, '2026-01-13 23:57:34'),
(445, 861, 4, 4, '2026-01-13 23:57:34'),
(446, 862, 2, 1, '2026-01-13 23:57:34'),
(447, 862, 6, 2, '2026-01-13 23:57:34'),
(448, 862, 11, 3, '2026-01-13 23:57:34'),
(449, 862, 4, 4, '2026-01-13 23:57:34'),
(450, 863, 2, 1, '2026-01-13 23:57:34'),
(451, 863, 6, 2, '2026-01-13 23:57:34'),
(452, 863, 11, 3, '2026-01-13 23:57:34'),
(453, 863, 4, 4, '2026-01-13 23:57:34'),
(454, 864, 2, 1, '2026-01-13 23:57:35'),
(455, 864, 6, 2, '2026-01-13 23:57:35'),
(456, 864, 11, 3, '2026-01-13 23:57:35'),
(457, 864, 4, 4, '2026-01-13 23:57:35'),
(458, 865, 2, 1, '2026-01-13 23:57:35'),
(459, 865, 6, 2, '2026-01-13 23:57:35'),
(460, 865, 11, 3, '2026-01-13 23:57:35'),
(461, 865, 4, 4, '2026-01-13 23:57:35'),
(462, 866, 2, 1, '2026-01-13 23:57:36'),
(463, 866, 6, 2, '2026-01-13 23:57:36'),
(464, 866, 11, 3, '2026-01-13 23:57:36'),
(465, 866, 4, 4, '2026-01-13 23:57:36'),
(466, 867, 2, 1, '2026-01-13 23:57:36'),
(467, 867, 6, 2, '2026-01-13 23:57:36'),
(468, 868, 2, 1, '2026-01-13 23:57:36'),
(469, 868, 6, 2, '2026-01-13 23:57:36'),
(470, 868, 11, 3, '2026-01-13 23:57:36'),
(471, 868, 4, 4, '2026-01-13 23:57:36'),
(472, 867, 11, 3, '2026-01-13 23:57:36'),
(473, 867, 4, 4, '2026-01-13 23:57:36'),
(474, 869, 2, 1, '2026-01-13 23:57:36'),
(475, 869, 6, 2, '2026-01-13 23:57:36'),
(476, 869, 11, 3, '2026-01-13 23:57:36'),
(477, 869, 4, 4, '2026-01-13 23:57:36'),
(478, 870, 2, 1, '2026-01-13 23:57:37'),
(479, 870, 6, 2, '2026-01-13 23:57:37'),
(480, 870, 11, 3, '2026-01-13 23:57:37'),
(481, 870, 4, 4, '2026-01-13 23:57:37'),
(482, 871, 2, 1, '2026-01-13 23:57:37'),
(483, 871, 6, 2, '2026-01-13 23:57:37'),
(484, 871, 11, 3, '2026-01-13 23:57:37'),
(485, 871, 4, 4, '2026-01-13 23:57:37'),
(486, 872, 2, 1, '2026-01-13 23:57:38'),
(487, 872, 6, 2, '2026-01-13 23:57:38'),
(488, 872, 11, 3, '2026-01-13 23:57:38'),
(489, 872, 4, 4, '2026-01-13 23:57:38'),
(490, 873, 2, 1, '2026-01-13 23:57:38'),
(491, 873, 6, 2, '2026-01-13 23:57:38'),
(492, 873, 11, 3, '2026-01-13 23:57:38'),
(493, 873, 4, 4, '2026-01-13 23:57:38'),
(494, 874, 2, 1, '2026-01-13 23:57:38'),
(495, 874, 6, 2, '2026-01-13 23:57:38'),
(496, 874, 11, 3, '2026-01-13 23:57:38'),
(497, 874, 4, 4, '2026-01-13 23:57:38'),
(498, 875, 2, 1, '2026-01-13 23:57:39'),
(499, 875, 6, 2, '2026-01-13 23:57:39'),
(500, 875, 11, 3, '2026-01-13 23:57:39'),
(501, 875, 4, 4, '2026-01-13 23:57:39'),
(502, 876, 2, 1, '2026-01-13 23:57:39'),
(503, 876, 6, 2, '2026-01-13 23:57:39'),
(504, 876, 11, 3, '2026-01-13 23:57:39'),
(505, 876, 4, 4, '2026-01-13 23:57:39'),
(506, 877, 2, 1, '2026-01-13 23:57:39'),
(507, 877, 6, 2, '2026-01-13 23:57:39'),
(508, 877, 11, 3, '2026-01-13 23:57:39'),
(509, 877, 4, 4, '2026-01-13 23:57:39'),
(510, 878, 2, 1, '2026-01-13 23:57:40'),
(511, 878, 6, 2, '2026-01-13 23:57:40'),
(512, 878, 11, 3, '2026-01-13 23:57:40'),
(513, 878, 4, 4, '2026-01-13 23:57:40'),
(514, 879, 2, 1, '2026-01-13 23:57:41'),
(515, 879, 6, 2, '2026-01-13 23:57:41'),
(516, 879, 11, 3, '2026-01-13 23:57:41'),
(517, 879, 4, 4, '2026-01-13 23:57:41'),
(518, 880, 2, 1, '2026-01-13 23:57:41'),
(519, 880, 6, 2, '2026-01-13 23:57:41'),
(520, 880, 11, 3, '2026-01-13 23:57:41'),
(521, 880, 4, 4, '2026-01-13 23:57:41'),
(522, 881, 2, 1, '2026-01-13 23:57:42'),
(523, 881, 6, 2, '2026-01-13 23:57:42'),
(524, 881, 11, 3, '2026-01-13 23:57:42'),
(525, 881, 4, 4, '2026-01-13 23:57:42'),
(526, 882, 2, 1, '2026-01-13 23:57:42'),
(527, 882, 6, 2, '2026-01-13 23:57:42'),
(528, 882, 11, 3, '2026-01-13 23:57:42'),
(529, 882, 4, 4, '2026-01-13 23:57:42'),
(530, 883, 2, 1, '2026-01-13 23:57:42'),
(531, 883, 6, 2, '2026-01-13 23:57:42'),
(532, 883, 11, 3, '2026-01-13 23:57:42'),
(533, 883, 4, 4, '2026-01-13 23:57:42'),
(534, 884, 2, 1, '2026-01-13 23:57:42'),
(535, 884, 6, 2, '2026-01-13 23:57:42'),
(536, 884, 11, 3, '2026-01-13 23:57:42'),
(537, 884, 4, 4, '2026-01-13 23:57:42'),
(538, 885, 2, 1, '2026-01-13 23:57:43'),
(539, 885, 6, 2, '2026-01-13 23:57:43'),
(540, 885, 11, 3, '2026-01-13 23:57:43'),
(541, 885, 4, 4, '2026-01-13 23:57:43'),
(542, 886, 2, 1, '2026-01-13 23:57:43'),
(543, 886, 6, 2, '2026-01-13 23:57:43'),
(544, 886, 11, 3, '2026-01-13 23:57:43'),
(545, 886, 4, 4, '2026-01-13 23:57:43'),
(546, 887, 2, 1, '2026-01-13 23:57:43'),
(547, 887, 6, 2, '2026-01-13 23:57:43'),
(548, 887, 11, 3, '2026-01-13 23:57:43'),
(549, 887, 4, 4, '2026-01-13 23:57:43'),
(550, 888, 2, 1, '2026-01-13 23:57:44'),
(551, 888, 6, 2, '2026-01-13 23:57:44'),
(552, 888, 11, 3, '2026-01-13 23:57:44'),
(553, 888, 4, 4, '2026-01-13 23:57:44'),
(554, 889, 2, 1, '2026-01-13 23:57:44'),
(555, 889, 6, 2, '2026-01-13 23:57:44'),
(556, 889, 11, 3, '2026-01-13 23:57:44'),
(557, 889, 4, 4, '2026-01-13 23:57:44'),
(558, 890, 2, 1, '2026-01-13 23:57:44'),
(559, 890, 6, 2, '2026-01-13 23:57:44'),
(560, 890, 11, 3, '2026-01-13 23:57:44'),
(561, 890, 4, 4, '2026-01-13 23:57:44'),
(562, 891, 2, 1, '2026-01-13 23:57:45'),
(563, 891, 6, 2, '2026-01-13 23:57:45'),
(564, 891, 11, 3, '2026-01-13 23:57:45'),
(565, 891, 4, 4, '2026-01-13 23:57:45'),
(566, 892, 2, 1, '2026-01-13 23:57:45'),
(567, 892, 6, 2, '2026-01-13 23:57:45'),
(568, 892, 11, 3, '2026-01-13 23:57:45'),
(569, 892, 4, 4, '2026-01-13 23:57:45'),
(570, 893, 2, 1, '2026-01-13 23:57:45'),
(571, 893, 6, 2, '2026-01-13 23:57:45'),
(572, 893, 11, 3, '2026-01-13 23:57:45'),
(573, 893, 4, 4, '2026-01-13 23:57:45'),
(574, 894, 2, 1, '2026-01-13 23:57:46'),
(575, 894, 6, 2, '2026-01-13 23:57:46'),
(576, 894, 11, 3, '2026-01-13 23:57:46'),
(577, 894, 4, 4, '2026-01-13 23:57:46'),
(578, 895, 2, 1, '2026-01-13 23:57:46'),
(579, 895, 6, 2, '2026-01-13 23:57:46'),
(580, 895, 11, 3, '2026-01-13 23:57:46'),
(581, 895, 4, 4, '2026-01-13 23:57:46'),
(582, 896, 2, 1, '2026-01-13 23:57:47'),
(583, 896, 6, 2, '2026-01-13 23:57:47'),
(584, 896, 11, 3, '2026-01-13 23:57:47'),
(585, 896, 4, 4, '2026-01-13 23:57:47'),
(586, 897, 2, 1, '2026-01-13 23:57:47'),
(587, 897, 6, 2, '2026-01-13 23:57:47'),
(588, 897, 11, 3, '2026-01-13 23:57:47'),
(589, 897, 4, 4, '2026-01-13 23:57:47'),
(590, 898, 2, 1, '2026-01-13 23:57:47'),
(591, 898, 6, 2, '2026-01-13 23:57:47'),
(592, 898, 11, 3, '2026-01-13 23:57:47'),
(593, 898, 4, 4, '2026-01-13 23:57:47'),
(594, 899, 2, 1, '2026-01-13 23:57:48'),
(595, 899, 6, 2, '2026-01-13 23:57:48'),
(596, 899, 11, 3, '2026-01-13 23:57:48'),
(597, 899, 4, 4, '2026-01-13 23:57:48'),
(598, 900, 2, 1, '2026-01-13 23:57:48'),
(599, 900, 6, 2, '2026-01-13 23:57:48'),
(600, 900, 11, 3, '2026-01-13 23:57:48'),
(601, 900, 4, 4, '2026-01-13 23:57:48'),
(602, 901, 2, 1, '2026-01-13 23:57:48'),
(603, 901, 6, 2, '2026-01-13 23:57:48'),
(604, 901, 11, 3, '2026-01-13 23:57:48'),
(605, 901, 4, 4, '2026-01-13 23:57:48'),
(606, 902, 2, 1, '2026-01-13 23:57:49'),
(607, 902, 6, 2, '2026-01-13 23:57:49'),
(608, 902, 11, 3, '2026-01-13 23:57:49'),
(609, 902, 4, 4, '2026-01-13 23:57:49'),
(610, 903, 2, 1, '2026-01-13 23:57:49'),
(611, 903, 6, 2, '2026-01-13 23:57:49'),
(612, 903, 11, 3, '2026-01-13 23:57:49'),
(613, 903, 4, 4, '2026-01-13 23:57:49'),
(614, 904, 2, 1, '2026-01-13 23:57:50'),
(615, 904, 6, 2, '2026-01-13 23:57:50'),
(616, 904, 11, 3, '2026-01-13 23:57:50'),
(617, 904, 4, 4, '2026-01-13 23:57:50'),
(618, 905, 2, 1, '2026-01-13 23:57:50'),
(619, 905, 6, 2, '2026-01-13 23:57:50'),
(620, 905, 11, 3, '2026-01-13 23:57:50'),
(621, 905, 4, 4, '2026-01-13 23:57:50'),
(622, 906, 2, 1, '2026-01-13 23:57:50'),
(623, 906, 6, 2, '2026-01-13 23:57:50'),
(624, 906, 11, 3, '2026-01-13 23:57:50'),
(625, 906, 4, 4, '2026-01-13 23:57:50'),
(626, 907, 2, 1, '2026-01-13 23:57:51'),
(627, 907, 6, 2, '2026-01-13 23:57:51'),
(628, 907, 11, 3, '2026-01-13 23:57:51'),
(629, 907, 4, 4, '2026-01-13 23:57:51'),
(630, 908, 2, 1, '2026-01-13 23:57:51'),
(631, 908, 6, 2, '2026-01-13 23:57:51'),
(632, 908, 11, 3, '2026-01-13 23:57:51'),
(633, 908, 4, 4, '2026-01-13 23:57:51'),
(634, 909, 2, 1, '2026-01-13 23:57:51'),
(635, 909, 6, 2, '2026-01-13 23:57:51'),
(636, 909, 11, 3, '2026-01-13 23:57:51'),
(637, 909, 4, 4, '2026-01-13 23:57:51'),
(638, 910, 2, 1, '2026-01-13 23:57:52'),
(639, 910, 6, 2, '2026-01-13 23:57:52'),
(640, 910, 11, 3, '2026-01-13 23:57:52'),
(641, 910, 4, 4, '2026-01-13 23:57:52'),
(642, 911, 2, 1, '2026-01-13 23:57:52'),
(643, 911, 6, 2, '2026-01-13 23:57:52'),
(644, 911, 11, 3, '2026-01-13 23:57:52'),
(645, 911, 4, 4, '2026-01-13 23:57:52'),
(646, 912, 2, 1, '2026-01-13 23:57:53'),
(647, 912, 6, 2, '2026-01-13 23:57:53'),
(648, 912, 11, 3, '2026-01-13 23:57:53'),
(649, 912, 4, 4, '2026-01-13 23:57:53'),
(650, 913, 2, 1, '2026-01-13 23:57:53'),
(651, 913, 6, 2, '2026-01-13 23:57:53'),
(652, 913, 11, 3, '2026-01-13 23:57:53'),
(653, 913, 4, 4, '2026-01-13 23:57:53'),
(654, 914, 2, 1, '2026-01-13 23:57:53'),
(655, 914, 6, 2, '2026-01-13 23:57:53'),
(656, 914, 11, 3, '2026-01-13 23:57:53'),
(657, 914, 4, 4, '2026-01-13 23:57:53'),
(658, 915, 2, 1, '2026-01-13 23:57:54'),
(659, 915, 6, 2, '2026-01-13 23:57:54'),
(660, 915, 11, 3, '2026-01-13 23:57:54'),
(661, 915, 4, 4, '2026-01-13 23:57:54'),
(662, 916, 2, 1, '2026-01-13 23:57:54'),
(663, 916, 6, 2, '2026-01-13 23:57:54'),
(664, 916, 11, 3, '2026-01-13 23:57:54'),
(665, 916, 4, 4, '2026-01-13 23:57:54'),
(666, 917, 2, 1, '2026-01-13 23:57:54'),
(667, 917, 6, 2, '2026-01-13 23:57:54'),
(668, 917, 11, 3, '2026-01-13 23:57:54'),
(669, 917, 4, 4, '2026-01-13 23:57:54'),
(670, 918, 2, 1, '2026-01-13 23:57:55'),
(671, 918, 6, 2, '2026-01-13 23:57:55'),
(672, 918, 11, 3, '2026-01-13 23:57:55'),
(673, 918, 4, 4, '2026-01-13 23:57:55'),
(674, 919, 2, 1, '2026-01-13 23:57:55'),
(675, 919, 6, 2, '2026-01-13 23:57:55'),
(676, 919, 11, 3, '2026-01-13 23:57:55'),
(677, 919, 4, 4, '2026-01-13 23:57:55'),
(678, 920, 2, 1, '2026-01-13 23:57:56'),
(679, 920, 6, 2, '2026-01-13 23:57:56'),
(680, 920, 11, 3, '2026-01-13 23:57:56'),
(681, 920, 4, 4, '2026-01-13 23:57:56'),
(682, 921, 2, 1, '2026-01-13 23:57:56'),
(683, 921, 6, 2, '2026-01-13 23:57:56'),
(684, 921, 11, 3, '2026-01-13 23:57:56'),
(685, 921, 4, 4, '2026-01-13 23:57:56'),
(686, 922, 2, 1, '2026-01-13 23:57:56'),
(687, 922, 6, 2, '2026-01-13 23:57:56'),
(688, 922, 11, 3, '2026-01-13 23:57:56'),
(689, 922, 4, 4, '2026-01-13 23:57:56'),
(690, 923, 2, 1, '2026-01-13 23:57:57'),
(691, 923, 6, 2, '2026-01-13 23:57:57'),
(692, 923, 11, 3, '2026-01-13 23:57:57'),
(693, 923, 4, 4, '2026-01-13 23:57:57'),
(694, 924, 2, 1, '2026-01-13 23:57:57'),
(695, 924, 6, 2, '2026-01-13 23:57:57'),
(696, 924, 11, 3, '2026-01-13 23:57:57'),
(697, 924, 4, 4, '2026-01-13 23:57:57'),
(698, 925, 2, 1, '2026-01-13 23:57:57'),
(699, 925, 6, 2, '2026-01-13 23:57:57'),
(700, 925, 11, 3, '2026-01-13 23:57:57'),
(701, 925, 4, 4, '2026-01-13 23:57:57'),
(702, 926, 2, 1, '2026-01-13 23:57:58'),
(703, 926, 6, 2, '2026-01-13 23:57:58'),
(704, 926, 11, 3, '2026-01-13 23:57:58'),
(705, 926, 4, 4, '2026-01-13 23:57:58'),
(706, 927, 2, 1, '2026-01-13 23:57:58'),
(707, 927, 6, 2, '2026-01-13 23:57:58'),
(708, 927, 11, 3, '2026-01-13 23:57:58'),
(709, 927, 4, 4, '2026-01-13 23:57:58'),
(710, 928, 2, 1, '2026-01-13 23:57:58'),
(711, 928, 6, 2, '2026-01-13 23:57:58'),
(712, 928, 11, 3, '2026-01-13 23:57:58'),
(713, 928, 4, 4, '2026-01-13 23:57:58'),
(714, 929, 2, 1, '2026-01-13 23:57:59'),
(715, 929, 6, 2, '2026-01-13 23:57:59'),
(716, 929, 11, 3, '2026-01-13 23:57:59'),
(717, 929, 4, 4, '2026-01-13 23:57:59'),
(718, 930, 2, 1, '2026-01-13 23:57:59'),
(719, 930, 6, 2, '2026-01-13 23:57:59'),
(720, 930, 11, 3, '2026-01-13 23:57:59'),
(721, 930, 4, 4, '2026-01-13 23:57:59'),
(722, 931, 2, 1, '2026-01-13 23:58:00'),
(723, 931, 6, 2, '2026-01-13 23:58:00'),
(724, 931, 11, 3, '2026-01-13 23:58:00'),
(725, 931, 4, 4, '2026-01-13 23:58:00'),
(726, 932, 2, 1, '2026-01-13 23:58:00'),
(727, 932, 6, 2, '2026-01-13 23:58:00'),
(728, 932, 11, 3, '2026-01-13 23:58:00'),
(729, 932, 4, 4, '2026-01-13 23:58:00'),
(730, 933, 2, 1, '2026-01-13 23:58:00'),
(731, 933, 6, 2, '2026-01-13 23:58:00'),
(732, 933, 11, 3, '2026-01-13 23:58:00'),
(733, 933, 4, 4, '2026-01-13 23:58:00'),
(734, 934, 2, 1, '2026-01-13 23:58:01'),
(735, 934, 6, 2, '2026-01-13 23:58:01'),
(736, 934, 11, 3, '2026-01-13 23:58:01'),
(737, 934, 4, 4, '2026-01-13 23:58:01'),
(738, 935, 2, 1, '2026-01-13 23:58:01'),
(739, 935, 6, 2, '2026-01-13 23:58:01'),
(740, 935, 11, 3, '2026-01-13 23:58:01'),
(741, 935, 4, 4, '2026-01-13 23:58:01'),
(742, 936, 2, 1, '2026-01-13 23:58:02'),
(743, 936, 6, 2, '2026-01-13 23:58:02'),
(744, 936, 11, 3, '2026-01-13 23:58:02'),
(745, 936, 4, 4, '2026-01-13 23:58:02'),
(746, 937, 2, 1, '2026-01-13 23:58:02'),
(747, 937, 6, 2, '2026-01-13 23:58:02'),
(748, 937, 11, 3, '2026-01-13 23:58:02'),
(749, 937, 4, 4, '2026-01-13 23:58:02'),
(750, 938, 2, 1, '2026-01-13 23:58:02'),
(751, 938, 6, 2, '2026-01-13 23:58:02'),
(752, 938, 11, 3, '2026-01-13 23:58:02'),
(753, 938, 4, 4, '2026-01-13 23:58:02'),
(754, 939, 2, 1, '2026-01-13 23:58:03'),
(755, 939, 6, 2, '2026-01-13 23:58:03'),
(756, 939, 11, 3, '2026-01-13 23:58:03'),
(757, 939, 4, 4, '2026-01-13 23:58:03'),
(758, 940, 2, 1, '2026-01-13 23:58:03'),
(759, 940, 6, 2, '2026-01-13 23:58:03'),
(760, 940, 11, 3, '2026-01-13 23:58:03'),
(761, 940, 4, 4, '2026-01-13 23:58:03'),
(762, 941, 2, 1, '2026-01-13 23:58:03'),
(763, 941, 6, 2, '2026-01-13 23:58:03'),
(764, 941, 11, 3, '2026-01-13 23:58:03'),
(765, 941, 4, 4, '2026-01-13 23:58:03'),
(766, 942, 2, 1, '2026-01-13 23:58:04'),
(767, 942, 6, 2, '2026-01-13 23:58:04'),
(768, 942, 11, 3, '2026-01-13 23:58:04'),
(769, 942, 4, 4, '2026-01-13 23:58:04'),
(770, 943, 2, 1, '2026-01-13 23:58:04'),
(771, 943, 6, 2, '2026-01-13 23:58:04'),
(772, 943, 11, 3, '2026-01-13 23:58:04'),
(773, 943, 4, 4, '2026-01-13 23:58:04'),
(774, 944, 2, 1, '2026-01-13 23:58:04'),
(775, 944, 6, 2, '2026-01-13 23:58:04'),
(776, 944, 11, 3, '2026-01-13 23:58:04'),
(777, 944, 4, 4, '2026-01-13 23:58:04'),
(778, 945, 2, 1, '2026-01-13 23:58:05'),
(779, 945, 6, 2, '2026-01-13 23:58:05'),
(780, 945, 11, 3, '2026-01-13 23:58:05'),
(781, 945, 4, 4, '2026-01-13 23:58:05'),
(782, 946, 2, 1, '2026-01-13 23:58:05'),
(783, 946, 6, 2, '2026-01-13 23:58:05'),
(784, 946, 11, 3, '2026-01-13 23:58:05'),
(785, 946, 4, 4, '2026-01-13 23:58:05'),
(786, 947, 2, 1, '2026-01-13 23:58:06'),
(787, 947, 6, 2, '2026-01-13 23:58:06'),
(788, 947, 11, 3, '2026-01-13 23:58:06'),
(789, 947, 4, 4, '2026-01-13 23:58:06'),
(790, 948, 2, 1, '2026-01-13 23:58:06'),
(791, 948, 6, 2, '2026-01-13 23:58:06'),
(792, 948, 11, 3, '2026-01-13 23:58:06'),
(793, 948, 4, 4, '2026-01-13 23:58:06'),
(794, 949, 2, 1, '2026-01-13 23:58:06'),
(795, 949, 6, 2, '2026-01-13 23:58:06'),
(796, 949, 11, 3, '2026-01-13 23:58:06'),
(797, 949, 4, 4, '2026-01-13 23:58:06'),
(798, 950, 2, 1, '2026-01-13 23:58:07'),
(799, 950, 6, 2, '2026-01-13 23:58:07'),
(800, 950, 11, 3, '2026-01-13 23:58:07'),
(801, 950, 4, 4, '2026-01-13 23:58:07'),
(802, 951, 2, 1, '2026-01-13 23:58:07'),
(803, 951, 6, 2, '2026-01-13 23:58:07'),
(804, 951, 11, 3, '2026-01-13 23:58:07'),
(805, 951, 4, 4, '2026-01-13 23:58:07'),
(806, 952, 2, 1, '2026-01-13 23:58:08'),
(807, 952, 6, 2, '2026-01-13 23:58:08'),
(808, 952, 11, 3, '2026-01-13 23:58:08'),
(809, 952, 4, 4, '2026-01-13 23:58:08'),
(810, 953, 2, 1, '2026-01-13 23:58:08'),
(811, 953, 6, 2, '2026-01-13 23:58:08'),
(812, 953, 11, 3, '2026-01-13 23:58:08'),
(813, 953, 4, 4, '2026-01-13 23:58:08'),
(814, 954, 2, 1, '2026-01-13 23:58:08'),
(815, 954, 6, 2, '2026-01-13 23:58:08'),
(816, 954, 11, 3, '2026-01-13 23:58:08'),
(817, 954, 4, 4, '2026-01-13 23:58:08'),
(818, 955, 2, 1, '2026-01-13 23:58:09'),
(819, 955, 6, 2, '2026-01-13 23:58:09'),
(820, 955, 11, 3, '2026-01-13 23:58:09'),
(821, 955, 4, 4, '2026-01-13 23:58:09'),
(822, 956, 2, 1, '2026-01-13 23:58:09'),
(823, 956, 6, 2, '2026-01-13 23:58:09'),
(824, 956, 11, 3, '2026-01-13 23:58:09'),
(825, 956, 4, 4, '2026-01-13 23:58:09'),
(826, 957, 2, 1, '2026-01-13 23:58:09'),
(827, 957, 6, 2, '2026-01-13 23:58:09'),
(828, 957, 11, 3, '2026-01-13 23:58:09'),
(829, 957, 4, 4, '2026-01-13 23:58:09'),
(830, 958, 2, 1, '2026-01-13 23:58:10'),
(831, 958, 6, 2, '2026-01-13 23:58:10'),
(832, 958, 11, 3, '2026-01-13 23:58:10'),
(833, 958, 4, 4, '2026-01-13 23:58:10'),
(834, 959, 2, 1, '2026-01-13 23:58:10'),
(835, 959, 6, 2, '2026-01-13 23:58:10'),
(836, 959, 11, 3, '2026-01-13 23:58:10'),
(837, 959, 4, 4, '2026-01-13 23:58:10'),
(838, 960, 2, 1, '2026-01-13 23:58:11'),
(839, 960, 6, 2, '2026-01-13 23:58:11'),
(840, 960, 11, 3, '2026-01-13 23:58:11'),
(841, 960, 4, 4, '2026-01-13 23:58:11'),
(842, 961, 2, 1, '2026-01-13 23:58:11'),
(843, 961, 6, 2, '2026-01-13 23:58:11'),
(844, 961, 11, 3, '2026-01-13 23:58:11'),
(845, 961, 4, 4, '2026-01-13 23:58:11'),
(846, 962, 2, 1, '2026-01-13 23:58:11'),
(847, 962, 6, 2, '2026-01-13 23:58:11'),
(848, 962, 11, 3, '2026-01-13 23:58:11'),
(849, 962, 4, 4, '2026-01-13 23:58:11'),
(850, 963, 2, 1, '2026-01-13 23:58:12'),
(851, 963, 6, 2, '2026-01-13 23:58:12'),
(852, 963, 11, 3, '2026-01-13 23:58:12'),
(853, 963, 4, 4, '2026-01-13 23:58:12'),
(854, 964, 2, 1, '2026-01-13 23:58:12'),
(855, 964, 6, 2, '2026-01-13 23:58:12'),
(856, 964, 11, 3, '2026-01-13 23:58:12'),
(857, 964, 4, 4, '2026-01-13 23:58:12'),
(858, 965, 2, 1, '2026-01-13 23:58:12'),
(859, 965, 6, 2, '2026-01-13 23:58:12'),
(860, 965, 11, 3, '2026-01-13 23:58:12'),
(861, 965, 4, 4, '2026-01-13 23:58:12'),
(862, 966, 2, 1, '2026-01-13 23:58:13'),
(863, 966, 6, 2, '2026-01-13 23:58:13'),
(864, 966, 11, 3, '2026-01-13 23:58:13'),
(865, 966, 4, 4, '2026-01-13 23:58:13'),
(866, 967, 2, 1, '2026-01-13 23:58:13'),
(867, 967, 6, 2, '2026-01-13 23:58:13'),
(868, 967, 11, 3, '2026-01-13 23:58:13'),
(869, 967, 4, 4, '2026-01-13 23:58:13'),
(870, 968, 2, 1, '2026-01-13 23:58:14'),
(871, 968, 6, 2, '2026-01-13 23:58:14'),
(872, 968, 11, 3, '2026-01-13 23:58:14'),
(873, 968, 4, 4, '2026-01-13 23:58:14'),
(874, 969, 2, 1, '2026-01-13 23:58:14'),
(875, 969, 6, 2, '2026-01-13 23:58:14'),
(876, 969, 11, 3, '2026-01-13 23:58:14'),
(877, 969, 4, 4, '2026-01-13 23:58:14'),
(878, 970, 2, 1, '2026-01-13 23:58:14'),
(879, 970, 6, 2, '2026-01-13 23:58:14'),
(880, 970, 11, 3, '2026-01-13 23:58:14'),
(881, 970, 4, 4, '2026-01-13 23:58:14'),
(882, 971, 2, 1, '2026-01-13 23:58:15'),
(883, 971, 6, 2, '2026-01-13 23:58:15'),
(884, 971, 11, 3, '2026-01-13 23:58:15'),
(885, 971, 4, 4, '2026-01-13 23:58:15'),
(886, 972, 2, 1, '2026-01-13 23:58:15'),
(887, 972, 6, 2, '2026-01-13 23:58:15'),
(888, 972, 11, 3, '2026-01-13 23:58:15'),
(889, 972, 4, 4, '2026-01-13 23:58:15'),
(890, 973, 2, 1, '2026-01-13 23:58:15'),
(891, 973, 6, 2, '2026-01-13 23:58:15'),
(892, 973, 11, 3, '2026-01-13 23:58:15'),
(893, 973, 4, 4, '2026-01-13 23:58:15'),
(894, 974, 2, 1, '2026-01-13 23:58:16'),
(895, 974, 6, 2, '2026-01-13 23:58:16'),
(896, 974, 11, 3, '2026-01-13 23:58:16'),
(897, 974, 4, 4, '2026-01-13 23:58:16'),
(898, 975, 2, 1, '2026-01-13 23:58:16'),
(899, 975, 6, 2, '2026-01-13 23:58:16'),
(900, 975, 11, 3, '2026-01-13 23:58:16'),
(901, 975, 4, 4, '2026-01-13 23:58:16'),
(902, 976, 2, 1, '2026-01-13 23:58:17'),
(903, 976, 6, 2, '2026-01-13 23:58:17'),
(904, 976, 11, 3, '2026-01-13 23:58:17'),
(905, 976, 4, 4, '2026-01-13 23:58:17'),
(906, 977, 2, 1, '2026-01-13 23:58:17'),
(907, 977, 6, 2, '2026-01-13 23:58:17'),
(908, 977, 11, 3, '2026-01-13 23:58:17'),
(909, 977, 4, 4, '2026-01-13 23:58:17'),
(910, 978, 2, 1, '2026-01-13 23:58:17'),
(911, 978, 6, 2, '2026-01-13 23:58:17'),
(912, 978, 11, 3, '2026-01-13 23:58:17'),
(913, 978, 4, 4, '2026-01-13 23:58:17'),
(914, 979, 2, 1, '2026-01-13 23:58:18'),
(915, 979, 6, 2, '2026-01-13 23:58:18'),
(916, 979, 11, 3, '2026-01-13 23:58:18'),
(917, 979, 4, 4, '2026-01-13 23:58:18'),
(918, 980, 2, 1, '2026-01-13 23:58:18'),
(919, 980, 6, 2, '2026-01-13 23:58:18'),
(920, 980, 11, 3, '2026-01-13 23:58:18'),
(921, 980, 4, 4, '2026-01-13 23:58:18'),
(922, 981, 2, 1, '2026-01-13 23:58:18'),
(923, 981, 6, 2, '2026-01-13 23:58:18'),
(924, 981, 11, 3, '2026-01-13 23:58:18'),
(925, 981, 4, 4, '2026-01-13 23:58:18'),
(926, 982, 2, 1, '2026-01-13 23:58:19'),
(927, 982, 6, 2, '2026-01-13 23:58:19'),
(928, 982, 11, 3, '2026-01-13 23:58:19'),
(929, 982, 4, 4, '2026-01-13 23:58:19'),
(930, 983, 2, 1, '2026-01-13 23:58:19'),
(931, 983, 6, 2, '2026-01-13 23:58:19'),
(932, 983, 11, 3, '2026-01-13 23:58:19'),
(933, 983, 4, 4, '2026-01-13 23:58:19'),
(934, 984, 2, 1, '2026-01-13 23:58:20'),
(935, 984, 6, 2, '2026-01-13 23:58:20'),
(936, 984, 11, 3, '2026-01-13 23:58:20'),
(937, 984, 4, 4, '2026-01-13 23:58:20'),
(938, 985, 2, 1, '2026-01-13 23:58:20'),
(939, 985, 6, 2, '2026-01-13 23:58:20'),
(940, 985, 11, 3, '2026-01-13 23:58:20'),
(941, 985, 4, 4, '2026-01-13 23:58:20'),
(942, 986, 2, 1, '2026-01-13 23:58:20'),
(943, 986, 6, 2, '2026-01-13 23:58:20'),
(944, 986, 11, 3, '2026-01-13 23:58:20'),
(945, 986, 4, 4, '2026-01-13 23:58:20'),
(946, 987, 2, 1, '2026-01-13 23:58:21'),
(947, 987, 6, 2, '2026-01-13 23:58:21'),
(948, 987, 11, 3, '2026-01-13 23:58:21'),
(949, 987, 4, 4, '2026-01-13 23:58:21'),
(950, 988, 2, 1, '2026-01-13 23:58:21'),
(951, 988, 6, 2, '2026-01-13 23:58:21'),
(952, 988, 11, 3, '2026-01-13 23:58:21'),
(953, 988, 4, 4, '2026-01-13 23:58:21'),
(954, 989, 2, 1, '2026-01-13 23:58:21'),
(955, 989, 6, 2, '2026-01-13 23:58:21'),
(956, 989, 11, 3, '2026-01-13 23:58:21'),
(957, 989, 4, 4, '2026-01-13 23:58:21'),
(958, 990, 2, 1, '2026-01-13 23:58:22'),
(959, 990, 6, 2, '2026-01-13 23:58:22'),
(960, 990, 11, 3, '2026-01-13 23:58:22'),
(961, 990, 4, 4, '2026-01-13 23:58:22'),
(962, 991, 2, 1, '2026-01-13 23:58:22'),
(963, 991, 6, 2, '2026-01-13 23:58:22'),
(964, 991, 11, 3, '2026-01-13 23:58:22'),
(965, 991, 4, 4, '2026-01-13 23:58:22'),
(966, 992, 2, 1, '2026-01-13 23:58:23'),
(967, 992, 6, 2, '2026-01-13 23:58:23'),
(968, 992, 11, 3, '2026-01-13 23:58:23'),
(969, 992, 4, 4, '2026-01-13 23:58:23'),
(970, 993, 2, 1, '2026-01-13 23:58:23'),
(971, 993, 6, 2, '2026-01-13 23:58:23'),
(972, 993, 11, 3, '2026-01-13 23:58:23'),
(973, 993, 4, 4, '2026-01-13 23:58:23'),
(974, 994, 2, 1, '2026-01-13 23:58:23'),
(975, 994, 6, 2, '2026-01-13 23:58:23'),
(976, 994, 11, 3, '2026-01-13 23:58:23'),
(977, 994, 4, 4, '2026-01-13 23:58:23'),
(978, 995, 2, 1, '2026-01-13 23:58:24'),
(979, 995, 6, 2, '2026-01-13 23:58:24'),
(980, 995, 11, 3, '2026-01-13 23:58:24'),
(981, 995, 4, 4, '2026-01-13 23:58:24'),
(982, 996, 2, 1, '2026-01-13 23:58:24'),
(983, 996, 6, 2, '2026-01-13 23:58:24'),
(984, 996, 11, 3, '2026-01-13 23:58:24'),
(985, 996, 4, 4, '2026-01-13 23:58:24'),
(986, 997, 2, 1, '2026-01-13 23:58:24'),
(987, 997, 6, 2, '2026-01-13 23:58:24'),
(988, 997, 11, 3, '2026-01-13 23:58:24'),
(989, 997, 4, 4, '2026-01-13 23:58:24'),
(990, 998, 2, 1, '2026-01-13 23:58:25'),
(991, 998, 6, 2, '2026-01-13 23:58:25'),
(992, 998, 11, 3, '2026-01-13 23:58:25'),
(993, 998, 4, 4, '2026-01-13 23:58:25'),
(994, 999, 2, 1, '2026-01-13 23:58:25'),
(995, 999, 6, 2, '2026-01-13 23:58:25'),
(996, 999, 11, 3, '2026-01-13 23:58:25'),
(997, 999, 4, 4, '2026-01-13 23:58:25'),
(998, 1000, 2, 1, '2026-01-13 23:58:26'),
(999, 1000, 6, 2, '2026-01-13 23:58:26'),
(1000, 1000, 11, 3, '2026-01-13 23:58:26'),
(1001, 1000, 4, 4, '2026-01-13 23:58:26'),
(1002, 1001, 2, 1, '2026-01-13 23:58:26'),
(1003, 1001, 6, 2, '2026-01-13 23:58:26'),
(1004, 1001, 11, 3, '2026-01-13 23:58:26'),
(1005, 1001, 4, 4, '2026-01-13 23:58:26'),
(1006, 1002, 2, 1, '2026-01-13 23:58:26'),
(1007, 1002, 6, 2, '2026-01-13 23:58:26'),
(1008, 1002, 11, 3, '2026-01-13 23:58:26'),
(1009, 1002, 4, 4, '2026-01-13 23:58:26'),
(1010, 1003, 2, 1, '2026-01-13 23:58:27'),
(1011, 1003, 6, 2, '2026-01-13 23:58:27'),
(1012, 1003, 11, 3, '2026-01-13 23:58:27'),
(1013, 1003, 4, 4, '2026-01-13 23:58:27'),
(1014, 1004, 2, 1, '2026-01-13 23:58:27'),
(1015, 1004, 6, 2, '2026-01-13 23:58:27'),
(1016, 1004, 11, 3, '2026-01-13 23:58:27'),
(1017, 1004, 4, 4, '2026-01-13 23:58:27'),
(1018, 1005, 2, 1, '2026-01-13 23:58:27'),
(1019, 1005, 6, 2, '2026-01-13 23:58:27'),
(1020, 1005, 11, 3, '2026-01-13 23:58:27'),
(1021, 1005, 4, 4, '2026-01-13 23:58:27'),
(1022, 1006, 2, 1, '2026-01-13 23:58:28'),
(1023, 1006, 6, 2, '2026-01-13 23:58:28'),
(1024, 1006, 11, 3, '2026-01-13 23:58:28'),
(1025, 1006, 4, 4, '2026-01-13 23:58:28'),
(1026, 1007, 2, 1, '2026-01-13 23:58:28'),
(1027, 1007, 6, 2, '2026-01-13 23:58:28'),
(1028, 1007, 11, 3, '2026-01-13 23:58:28'),
(1029, 1007, 4, 4, '2026-01-13 23:58:28'),
(1030, 1008, 2, 1, '2026-01-13 23:58:29'),
(1031, 1008, 6, 2, '2026-01-13 23:58:29'),
(1032, 1008, 11, 3, '2026-01-13 23:58:29'),
(1033, 1008, 4, 4, '2026-01-13 23:58:29'),
(1034, 1009, 2, 1, '2026-01-13 23:58:29'),
(1035, 1009, 6, 2, '2026-01-13 23:58:29'),
(1036, 1009, 11, 3, '2026-01-13 23:58:29'),
(1037, 1009, 4, 4, '2026-01-13 23:58:29'),
(1038, 1010, 2, 1, '2026-01-13 23:58:29'),
(1039, 1010, 6, 2, '2026-01-13 23:58:29'),
(1040, 1010, 11, 3, '2026-01-13 23:58:29'),
(1041, 1010, 4, 4, '2026-01-13 23:58:29'),
(1042, 1011, 2, 1, '2026-01-13 23:58:30'),
(1043, 1011, 6, 2, '2026-01-13 23:58:30'),
(1044, 1011, 11, 3, '2026-01-13 23:58:30'),
(1045, 1011, 4, 4, '2026-01-13 23:58:30'),
(1046, 1012, 2, 1, '2026-01-13 23:58:30'),
(1047, 1012, 6, 2, '2026-01-13 23:58:30'),
(1048, 1012, 11, 3, '2026-01-13 23:58:30'),
(1049, 1012, 4, 4, '2026-01-13 23:58:30'),
(1050, 1013, 2, 1, '2026-01-13 23:58:30'),
(1051, 1013, 6, 2, '2026-01-13 23:58:30'),
(1052, 1013, 11, 3, '2026-01-13 23:58:30'),
(1053, 1013, 4, 4, '2026-01-13 23:58:30'),
(1054, 1014, 2, 1, '2026-01-13 23:58:31'),
(1055, 1014, 6, 2, '2026-01-13 23:58:31'),
(1056, 1014, 11, 3, '2026-01-13 23:58:31'),
(1057, 1014, 4, 4, '2026-01-13 23:58:31'),
(1058, 1015, 2, 1, '2026-01-13 23:58:31'),
(1059, 1015, 6, 2, '2026-01-13 23:58:31'),
(1060, 1015, 11, 3, '2026-01-13 23:58:31'),
(1061, 1015, 4, 4, '2026-01-13 23:58:31'),
(1062, 1016, 2, 1, '2026-01-13 23:58:32'),
(1063, 1016, 6, 2, '2026-01-13 23:58:32'),
(1064, 1016, 11, 3, '2026-01-13 23:58:32'),
(1065, 1016, 4, 4, '2026-01-13 23:58:32'),
(1066, 1017, 2, 1, '2026-01-13 23:58:32'),
(1067, 1017, 6, 2, '2026-01-13 23:58:32'),
(1068, 1017, 11, 3, '2026-01-13 23:58:32'),
(1069, 1017, 4, 4, '2026-01-13 23:58:32'),
(1070, 1018, 2, 1, '2026-01-13 23:58:32'),
(1071, 1018, 6, 2, '2026-01-13 23:58:32'),
(1072, 1018, 11, 3, '2026-01-13 23:58:32'),
(1073, 1018, 4, 4, '2026-01-13 23:58:32'),
(1074, 1019, 2, 1, '2026-01-13 23:58:33'),
(1075, 1019, 6, 2, '2026-01-13 23:58:33'),
(1076, 1019, 11, 3, '2026-01-13 23:58:33'),
(1077, 1019, 4, 4, '2026-01-13 23:58:33'),
(1078, 1020, 2, 1, '2026-01-13 23:58:33'),
(1079, 1020, 6, 2, '2026-01-13 23:58:33'),
(1080, 1020, 11, 3, '2026-01-13 23:58:33'),
(1081, 1020, 4, 4, '2026-01-13 23:58:33'),
(1082, 1021, 2, 1, '2026-01-13 23:58:33'),
(1083, 1021, 6, 2, '2026-01-13 23:58:33'),
(1084, 1021, 11, 3, '2026-01-13 23:58:33'),
(1085, 1021, 4, 4, '2026-01-13 23:58:33'),
(1086, 1022, 2, 1, '2026-01-13 23:58:34'),
(1087, 1022, 6, 2, '2026-01-13 23:58:34'),
(1088, 1022, 11, 3, '2026-01-13 23:58:34'),
(1089, 1022, 4, 4, '2026-01-13 23:58:34'),
(1090, 1023, 2, 1, '2026-01-13 23:58:34'),
(1091, 1023, 6, 2, '2026-01-13 23:58:34'),
(1092, 1023, 11, 3, '2026-01-13 23:58:34'),
(1093, 1023, 4, 4, '2026-01-13 23:58:34'),
(1094, 1024, 2, 1, '2026-01-13 23:58:35'),
(1095, 1024, 6, 2, '2026-01-13 23:58:35'),
(1096, 1024, 11, 3, '2026-01-13 23:58:35'),
(1097, 1024, 4, 4, '2026-01-13 23:58:35'),
(1098, 1025, 2, 1, '2026-01-13 23:58:35'),
(1099, 1025, 6, 2, '2026-01-13 23:58:35'),
(1100, 1025, 11, 3, '2026-01-13 23:58:35'),
(1101, 1025, 4, 4, '2026-01-13 23:58:35'),
(1102, 1026, 2, 1, '2026-01-13 23:58:35'),
(1103, 1026, 6, 2, '2026-01-13 23:58:35'),
(1104, 1026, 11, 3, '2026-01-13 23:58:35'),
(1105, 1026, 4, 4, '2026-01-13 23:58:35'),
(1106, 1027, 2, 1, '2026-01-13 23:58:36'),
(1107, 1027, 6, 2, '2026-01-13 23:58:36'),
(1108, 1027, 11, 3, '2026-01-13 23:58:36'),
(1109, 1027, 4, 4, '2026-01-13 23:58:36'),
(1110, 1028, 2, 1, '2026-01-13 23:58:36'),
(1111, 1028, 6, 2, '2026-01-13 23:58:36'),
(1112, 1028, 11, 3, '2026-01-13 23:58:36'),
(1113, 1028, 4, 4, '2026-01-13 23:58:36'),
(1114, 1029, 2, 1, '2026-01-13 23:58:36'),
(1115, 1029, 6, 2, '2026-01-13 23:58:36'),
(1116, 1029, 11, 3, '2026-01-13 23:58:36'),
(1117, 1029, 4, 4, '2026-01-13 23:58:36'),
(1118, 1030, 2, 1, '2026-01-13 23:58:37'),
(1119, 1030, 6, 2, '2026-01-13 23:58:37'),
(1120, 1030, 11, 3, '2026-01-13 23:58:37'),
(1121, 1030, 4, 4, '2026-01-13 23:58:37'),
(1122, 1031, 2, 1, '2026-01-13 23:58:37'),
(1123, 1031, 6, 2, '2026-01-13 23:58:37'),
(1124, 1031, 11, 3, '2026-01-13 23:58:37'),
(1125, 1031, 4, 4, '2026-01-13 23:58:37'),
(1126, 1032, 2, 1, '2026-01-13 23:58:38'),
(1127, 1032, 6, 2, '2026-01-13 23:58:38'),
(1128, 1032, 11, 3, '2026-01-13 23:58:38'),
(1129, 1032, 4, 4, '2026-01-13 23:58:38'),
(1130, 1033, 2, 1, '2026-01-13 23:58:38'),
(1131, 1033, 6, 2, '2026-01-13 23:58:38'),
(1132, 1033, 11, 3, '2026-01-13 23:58:38'),
(1133, 1033, 4, 4, '2026-01-13 23:58:38'),
(1134, 1034, 2, 1, '2026-01-13 23:58:38'),
(1135, 1034, 6, 2, '2026-01-13 23:58:38'),
(1136, 1034, 11, 3, '2026-01-13 23:58:38'),
(1137, 1034, 4, 4, '2026-01-13 23:58:38'),
(1138, 1035, 2, 1, '2026-01-13 23:58:39'),
(1139, 1035, 6, 2, '2026-01-13 23:58:39'),
(1140, 1035, 11, 3, '2026-01-13 23:58:39'),
(1141, 1035, 4, 4, '2026-01-13 23:58:39'),
(1142, 1036, 2, 1, '2026-01-13 23:58:39'),
(1143, 1036, 6, 2, '2026-01-13 23:58:39'),
(1144, 1036, 11, 3, '2026-01-13 23:58:39'),
(1145, 1036, 4, 4, '2026-01-13 23:58:39'),
(1146, 1037, 2, 1, '2026-01-13 23:58:39'),
(1147, 1037, 6, 2, '2026-01-13 23:58:39'),
(1148, 1037, 11, 3, '2026-01-13 23:58:39'),
(1149, 1037, 4, 4, '2026-01-13 23:58:39'),
(1150, 1038, 2, 1, '2026-01-13 23:58:40'),
(1151, 1038, 6, 2, '2026-01-13 23:58:40'),
(1152, 1038, 11, 3, '2026-01-13 23:58:40'),
(1153, 1038, 4, 4, '2026-01-13 23:58:40'),
(1154, 1039, 2, 1, '2026-01-13 23:58:40'),
(1155, 1039, 6, 2, '2026-01-13 23:58:40'),
(1156, 1039, 11, 3, '2026-01-13 23:58:40'),
(1157, 1039, 4, 4, '2026-01-13 23:58:40'),
(1158, 1040, 2, 1, '2026-01-13 23:58:41'),
(1159, 1040, 6, 2, '2026-01-13 23:58:41'),
(1160, 1040, 11, 3, '2026-01-13 23:58:41'),
(1161, 1040, 4, 4, '2026-01-13 23:58:41'),
(1162, 1041, 2, 1, '2026-01-13 23:58:41'),
(1163, 1041, 6, 2, '2026-01-13 23:58:41'),
(1164, 1041, 11, 3, '2026-01-13 23:58:41'),
(1165, 1041, 4, 4, '2026-01-13 23:58:41'),
(1166, 1042, 2, 1, '2026-01-13 23:58:41'),
(1167, 1042, 6, 2, '2026-01-13 23:58:41'),
(1168, 1042, 11, 3, '2026-01-13 23:58:41'),
(1169, 1042, 4, 4, '2026-01-13 23:58:41'),
(1170, 1043, 2, 1, '2026-01-13 23:58:42'),
(1171, 1043, 6, 2, '2026-01-13 23:58:42'),
(1172, 1043, 11, 3, '2026-01-13 23:58:42'),
(1173, 1043, 4, 4, '2026-01-13 23:58:42'),
(1174, 1044, 2, 1, '2026-01-13 23:58:42'),
(1175, 1044, 6, 2, '2026-01-13 23:58:42'),
(1176, 1044, 11, 3, '2026-01-13 23:58:42'),
(1177, 1044, 4, 4, '2026-01-13 23:58:42'),
(1178, 1045, 2, 1, '2026-01-13 23:58:42'),
(1179, 1045, 6, 2, '2026-01-13 23:58:42'),
(1180, 1045, 11, 3, '2026-01-13 23:58:42'),
(1181, 1045, 4, 4, '2026-01-13 23:58:42'),
(1182, 1046, 2, 1, '2026-01-13 23:58:43'),
(1183, 1046, 6, 2, '2026-01-13 23:58:43'),
(1184, 1046, 11, 3, '2026-01-13 23:58:43'),
(1185, 1046, 4, 4, '2026-01-13 23:58:43'),
(1186, 1047, 2, 1, '2026-01-13 23:58:43'),
(1187, 1047, 6, 2, '2026-01-13 23:58:43'),
(1188, 1047, 11, 3, '2026-01-13 23:58:43'),
(1189, 1047, 4, 4, '2026-01-13 23:58:43'),
(1190, 1048, 2, 1, '2026-01-13 23:58:44'),
(1191, 1048, 6, 2, '2026-01-13 23:58:44'),
(1192, 1048, 11, 3, '2026-01-13 23:58:44'),
(1193, 1048, 4, 4, '2026-01-13 23:58:44'),
(1194, 1049, 2, 1, '2026-01-13 23:58:44'),
(1195, 1049, 6, 2, '2026-01-13 23:58:44'),
(1196, 1049, 11, 3, '2026-01-13 23:58:44'),
(1197, 1049, 4, 4, '2026-01-13 23:58:44'),
(1198, 1050, 2, 1, '2026-01-13 23:58:44'),
(1199, 1050, 6, 2, '2026-01-13 23:58:44'),
(1200, 1050, 11, 3, '2026-01-13 23:58:44'),
(1201, 1050, 4, 4, '2026-01-13 23:58:44'),
(1202, 1051, 2, 1, '2026-01-13 23:58:45'),
(1203, 1051, 6, 2, '2026-01-13 23:58:45'),
(1204, 1051, 11, 3, '2026-01-13 23:58:45'),
(1205, 1051, 4, 4, '2026-01-13 23:58:45'),
(1206, 1052, 2, 1, '2026-01-13 23:58:45'),
(1207, 1052, 6, 2, '2026-01-13 23:58:45'),
(1208, 1052, 11, 3, '2026-01-13 23:58:45'),
(1209, 1052, 4, 4, '2026-01-13 23:58:45'),
(1210, 1053, 2, 1, '2026-01-13 23:58:45'),
(1211, 1053, 6, 2, '2026-01-13 23:58:45'),
(1212, 1053, 11, 3, '2026-01-13 23:58:45'),
(1213, 1053, 4, 4, '2026-01-13 23:58:45'),
(1214, 1054, 2, 1, '2026-01-13 23:58:46'),
(1215, 1054, 6, 2, '2026-01-13 23:58:46'),
(1216, 1054, 11, 3, '2026-01-13 23:58:46'),
(1217, 1054, 4, 4, '2026-01-13 23:58:46'),
(1218, 1055, 2, 1, '2026-01-13 23:58:46'),
(1219, 1055, 6, 2, '2026-01-13 23:58:46'),
(1220, 1055, 11, 3, '2026-01-13 23:58:46'),
(1221, 1055, 4, 4, '2026-01-13 23:58:46'),
(1222, 1056, 2, 1, '2026-01-13 23:58:47'),
(1223, 1056, 6, 2, '2026-01-13 23:58:47'),
(1224, 1056, 11, 3, '2026-01-13 23:58:47'),
(1225, 1056, 4, 4, '2026-01-13 23:58:47'),
(1226, 1057, 2, 1, '2026-01-13 23:58:47'),
(1227, 1057, 6, 2, '2026-01-13 23:58:47'),
(1228, 1057, 11, 3, '2026-01-13 23:58:47'),
(1229, 1057, 4, 4, '2026-01-13 23:58:47'),
(1230, 1058, 2, 1, '2026-01-13 23:58:47'),
(1231, 1058, 6, 2, '2026-01-13 23:58:47'),
(1232, 1058, 11, 3, '2026-01-13 23:58:47'),
(1233, 1058, 4, 4, '2026-01-13 23:58:47'),
(1234, 1059, 2, 1, '2026-01-13 23:58:48'),
(1235, 1059, 6, 2, '2026-01-13 23:58:48'),
(1236, 1059, 11, 3, '2026-01-13 23:58:48'),
(1237, 1059, 4, 4, '2026-01-13 23:58:48'),
(1238, 1060, 2, 1, '2026-01-13 23:58:48'),
(1239, 1060, 6, 2, '2026-01-13 23:58:48'),
(1240, 1060, 11, 3, '2026-01-13 23:58:48'),
(1241, 1060, 4, 4, '2026-01-13 23:58:48'),
(1242, 1061, 2, 1, '2026-01-13 23:58:48'),
(1243, 1061, 6, 2, '2026-01-13 23:58:48'),
(1244, 1061, 11, 3, '2026-01-13 23:58:48'),
(1245, 1061, 4, 4, '2026-01-13 23:58:48'),
(1246, 1062, 2, 1, '2026-01-13 23:58:49'),
(1247, 1062, 6, 2, '2026-01-13 23:58:49'),
(1248, 1062, 11, 3, '2026-01-13 23:58:49'),
(1249, 1062, 4, 4, '2026-01-13 23:58:49'),
(1250, 1063, 2, 1, '2026-01-13 23:58:49'),
(1251, 1063, 6, 2, '2026-01-13 23:58:49'),
(1252, 1063, 11, 3, '2026-01-13 23:58:49'),
(1253, 1063, 4, 4, '2026-01-13 23:58:49'),
(1254, 1064, 2, 1, '2026-01-13 23:58:50'),
(1255, 1064, 6, 2, '2026-01-13 23:58:50'),
(1256, 1064, 11, 3, '2026-01-13 23:58:50'),
(1257, 1064, 4, 4, '2026-01-13 23:58:50'),
(1258, 1065, 2, 1, '2026-01-13 23:58:50'),
(1259, 1065, 6, 2, '2026-01-13 23:58:50'),
(1260, 1065, 11, 3, '2026-01-13 23:58:50'),
(1261, 1065, 4, 4, '2026-01-13 23:58:50'),
(1262, 1066, 2, 1, '2026-01-13 23:58:50'),
(1263, 1066, 6, 2, '2026-01-13 23:58:50'),
(1264, 1066, 11, 3, '2026-01-13 23:58:50'),
(1265, 1066, 4, 4, '2026-01-13 23:58:50'),
(1266, 1067, 2, 1, '2026-01-13 23:58:51'),
(1267, 1067, 6, 2, '2026-01-13 23:58:51'),
(1268, 1067, 11, 3, '2026-01-13 23:58:51'),
(1269, 1067, 4, 4, '2026-01-13 23:58:51'),
(1270, 1068, 2, 1, '2026-01-13 23:58:51'),
(1271, 1068, 6, 2, '2026-01-13 23:58:51'),
(1272, 1068, 11, 3, '2026-01-13 23:58:51'),
(1273, 1068, 4, 4, '2026-01-13 23:58:51'),
(1274, 1069, 2, 1, '2026-01-13 23:58:51'),
(1275, 1069, 6, 2, '2026-01-13 23:58:51'),
(1276, 1069, 11, 3, '2026-01-13 23:58:51'),
(1277, 1069, 4, 4, '2026-01-13 23:58:51'),
(1278, 1070, 2, 1, '2026-01-13 23:58:52'),
(1279, 1070, 6, 2, '2026-01-13 23:58:52'),
(1280, 1070, 11, 3, '2026-01-13 23:58:52'),
(1281, 1070, 4, 4, '2026-01-13 23:58:52'),
(1282, 1071, 2, 1, '2026-01-13 23:58:52'),
(1283, 1071, 6, 2, '2026-01-13 23:58:52'),
(1284, 1071, 11, 3, '2026-01-13 23:58:52'),
(1285, 1071, 4, 4, '2026-01-13 23:58:52'),
(1286, 1072, 2, 1, '2026-01-13 23:58:53'),
(1287, 1072, 6, 2, '2026-01-13 23:58:53'),
(1288, 1072, 11, 3, '2026-01-13 23:58:53'),
(1289, 1072, 4, 4, '2026-01-13 23:58:53'),
(1290, 1073, 2, 1, '2026-01-13 23:58:53'),
(1291, 1073, 6, 2, '2026-01-13 23:58:53'),
(1292, 1073, 11, 3, '2026-01-13 23:58:53'),
(1293, 1073, 4, 4, '2026-01-13 23:58:53'),
(1294, 1074, 2, 1, '2026-01-13 23:58:53'),
(1295, 1074, 6, 2, '2026-01-13 23:58:53'),
(1296, 1074, 11, 3, '2026-01-13 23:58:53'),
(1297, 1074, 4, 4, '2026-01-13 23:58:53'),
(1298, 1075, 2, 1, '2026-01-13 23:58:54'),
(1299, 1075, 6, 2, '2026-01-13 23:58:54'),
(1300, 1075, 11, 3, '2026-01-13 23:58:54'),
(1301, 1075, 4, 4, '2026-01-13 23:58:54'),
(1302, 1076, 2, 1, '2026-01-13 23:58:54'),
(1303, 1076, 6, 2, '2026-01-13 23:58:54'),
(1304, 1076, 11, 3, '2026-01-13 23:58:54'),
(1305, 1076, 4, 4, '2026-01-13 23:58:54'),
(1306, 1077, 2, 1, '2026-01-13 23:58:54'),
(1307, 1077, 6, 2, '2026-01-13 23:58:54'),
(1308, 1077, 11, 3, '2026-01-13 23:58:54'),
(1309, 1077, 4, 4, '2026-01-13 23:58:54'),
(1310, 1078, 2, 1, '2026-01-13 23:58:55'),
(1311, 1078, 6, 2, '2026-01-13 23:58:55'),
(1312, 1078, 11, 3, '2026-01-13 23:58:55'),
(1313, 1078, 4, 4, '2026-01-13 23:58:55'),
(1314, 1079, 2, 1, '2026-01-13 23:58:55'),
(1315, 1079, 6, 2, '2026-01-13 23:58:55'),
(1316, 1079, 11, 3, '2026-01-13 23:58:55'),
(1317, 1079, 4, 4, '2026-01-13 23:58:55'),
(1318, 1080, 2, 1, '2026-01-13 23:58:56'),
(1319, 1080, 6, 2, '2026-01-13 23:58:56'),
(1320, 1080, 11, 3, '2026-01-13 23:58:56'),
(1321, 1080, 4, 4, '2026-01-13 23:58:56'),
(1322, 1081, 2, 1, '2026-01-13 23:58:56'),
(1323, 1081, 6, 2, '2026-01-13 23:58:56'),
(1324, 1081, 11, 3, '2026-01-13 23:58:56'),
(1325, 1081, 4, 4, '2026-01-13 23:58:56'),
(1326, 1082, 2, 1, '2026-01-13 23:58:56'),
(1327, 1082, 6, 2, '2026-01-13 23:58:56'),
(1328, 1082, 11, 3, '2026-01-13 23:58:56'),
(1329, 1082, 4, 4, '2026-01-13 23:58:56'),
(1330, 1083, 2, 1, '2026-01-13 23:58:57'),
(1331, 1083, 6, 2, '2026-01-13 23:58:57'),
(1332, 1083, 11, 3, '2026-01-13 23:58:57'),
(1333, 1083, 4, 4, '2026-01-13 23:58:57'),
(1334, 1084, 2, 1, '2026-01-13 23:58:57'),
(1335, 1084, 6, 2, '2026-01-13 23:58:57'),
(1336, 1084, 11, 3, '2026-01-13 23:58:57'),
(1337, 1084, 4, 4, '2026-01-13 23:58:57'),
(1338, 1085, 2, 1, '2026-01-13 23:58:57'),
(1339, 1085, 6, 2, '2026-01-13 23:58:57'),
(1340, 1085, 11, 3, '2026-01-13 23:58:57'),
(1341, 1085, 4, 4, '2026-01-13 23:58:57'),
(1342, 1086, 2, 1, '2026-01-13 23:58:58'),
(1343, 1086, 6, 2, '2026-01-13 23:58:58'),
(1344, 1086, 11, 3, '2026-01-13 23:58:58'),
(1345, 1086, 4, 4, '2026-01-13 23:58:58'),
(1346, 1087, 2, 1, '2026-01-13 23:58:58'),
(1347, 1087, 6, 2, '2026-01-13 23:58:58'),
(1348, 1087, 11, 3, '2026-01-13 23:58:58'),
(1349, 1087, 4, 4, '2026-01-13 23:58:58'),
(1350, 1088, 2, 1, '2026-01-13 23:58:59'),
(1351, 1088, 6, 2, '2026-01-13 23:58:59'),
(1352, 1088, 11, 3, '2026-01-13 23:58:59'),
(1353, 1088, 4, 4, '2026-01-13 23:58:59'),
(1354, 1089, 2, 1, '2026-01-13 23:58:59'),
(1355, 1089, 6, 2, '2026-01-13 23:58:59'),
(1356, 1089, 11, 3, '2026-01-13 23:58:59'),
(1357, 1089, 4, 4, '2026-01-13 23:58:59'),
(1358, 1090, 2, 1, '2026-01-13 23:58:59'),
(1359, 1090, 6, 2, '2026-01-13 23:58:59'),
(1360, 1090, 11, 3, '2026-01-13 23:58:59'),
(1361, 1090, 4, 4, '2026-01-13 23:58:59'),
(1362, 1091, 2, 1, '2026-01-13 23:59:00'),
(1363, 1091, 6, 2, '2026-01-13 23:59:00'),
(1364, 1091, 11, 3, '2026-01-13 23:59:00'),
(1365, 1091, 4, 4, '2026-01-13 23:59:00'),
(1366, 1092, 2, 1, '2026-01-13 23:59:00'),
(1367, 1092, 6, 2, '2026-01-13 23:59:00'),
(1368, 1092, 11, 3, '2026-01-13 23:59:00'),
(1369, 1092, 4, 4, '2026-01-13 23:59:00'),
(1370, 1093, 2, 1, '2026-01-13 23:59:00'),
(1371, 1093, 6, 2, '2026-01-13 23:59:00'),
(1372, 1093, 11, 3, '2026-01-13 23:59:00'),
(1373, 1093, 4, 4, '2026-01-13 23:59:00'),
(1374, 1094, 2, 1, '2026-01-13 23:59:01'),
(1375, 1094, 6, 2, '2026-01-13 23:59:01'),
(1376, 1094, 11, 3, '2026-01-13 23:59:01'),
(1377, 1094, 4, 4, '2026-01-13 23:59:01'),
(1378, 1095, 2, 1, '2026-01-13 23:59:01'),
(1379, 1095, 6, 2, '2026-01-13 23:59:01'),
(1380, 1095, 11, 3, '2026-01-13 23:59:01'),
(1381, 1095, 4, 4, '2026-01-13 23:59:01'),
(1382, 1096, 2, 1, '2026-01-13 23:59:02'),
(1383, 1096, 6, 2, '2026-01-13 23:59:02'),
(1384, 1096, 11, 3, '2026-01-13 23:59:02'),
(1385, 1096, 4, 4, '2026-01-13 23:59:02'),
(1386, 1097, 2, 1, '2026-01-13 23:59:02'),
(1387, 1097, 6, 2, '2026-01-13 23:59:02'),
(1388, 1097, 11, 3, '2026-01-13 23:59:02'),
(1389, 1097, 4, 4, '2026-01-13 23:59:02'),
(1390, 1098, 2, 1, '2026-01-13 23:59:02'),
(1391, 1098, 6, 2, '2026-01-13 23:59:02'),
(1392, 1098, 11, 3, '2026-01-13 23:59:02'),
(1393, 1098, 4, 4, '2026-01-13 23:59:02'),
(1394, 1099, 2, 1, '2026-01-13 23:59:03'),
(1395, 1099, 6, 2, '2026-01-13 23:59:03'),
(1396, 1099, 11, 3, '2026-01-13 23:59:03'),
(1397, 1099, 4, 4, '2026-01-13 23:59:03'),
(1398, 1100, 2, 1, '2026-01-13 23:59:03'),
(1399, 1100, 6, 2, '2026-01-13 23:59:03'),
(1400, 1100, 11, 3, '2026-01-13 23:59:03'),
(1401, 1100, 4, 4, '2026-01-13 23:59:03'),
(1402, 1101, 2, 1, '2026-01-13 23:59:03'),
(1403, 1101, 6, 2, '2026-01-13 23:59:03'),
(1404, 1101, 11, 3, '2026-01-13 23:59:03'),
(1405, 1101, 4, 4, '2026-01-13 23:59:03'),
(1406, 1102, 2, 1, '2026-01-13 23:59:04'),
(1407, 1102, 6, 2, '2026-01-13 23:59:04'),
(1408, 1102, 11, 3, '2026-01-13 23:59:04'),
(1409, 1102, 4, 4, '2026-01-13 23:59:04'),
(1410, 1103, 2, 1, '2026-01-13 23:59:04'),
(1411, 1103, 6, 2, '2026-01-13 23:59:04'),
(1412, 1103, 11, 3, '2026-01-13 23:59:04'),
(1413, 1103, 4, 4, '2026-01-13 23:59:04'),
(1414, 1104, 2, 1, '2026-01-13 23:59:04'),
(1415, 1104, 6, 2, '2026-01-13 23:59:04'),
(1416, 1104, 11, 3, '2026-01-13 23:59:04'),
(1417, 1104, 4, 4, '2026-01-13 23:59:04'),
(1418, 1105, 2, 1, '2026-01-13 23:59:05'),
(1419, 1105, 6, 2, '2026-01-13 23:59:05'),
(1420, 1105, 11, 3, '2026-01-13 23:59:05'),
(1421, 1105, 4, 4, '2026-01-13 23:59:05'),
(1422, 1106, 2, 1, '2026-01-13 23:59:05'),
(1423, 1106, 6, 2, '2026-01-13 23:59:05'),
(1424, 1106, 11, 3, '2026-01-13 23:59:05'),
(1425, 1106, 4, 4, '2026-01-13 23:59:05'),
(1426, 1107, 2, 1, '2026-01-13 23:59:06'),
(1427, 1107, 6, 2, '2026-01-13 23:59:06'),
(1428, 1107, 11, 3, '2026-01-13 23:59:06'),
(1429, 1107, 4, 4, '2026-01-13 23:59:06'),
(1430, 1108, 2, 1, '2026-01-13 23:59:06'),
(1431, 1108, 6, 2, '2026-01-13 23:59:06'),
(1432, 1108, 11, 3, '2026-01-13 23:59:06'),
(1433, 1108, 4, 4, '2026-01-13 23:59:06'),
(1434, 1109, 2, 1, '2026-01-13 23:59:06'),
(1435, 1109, 6, 2, '2026-01-13 23:59:06'),
(1436, 1109, 11, 3, '2026-01-13 23:59:06'),
(1437, 1109, 4, 4, '2026-01-13 23:59:06'),
(1438, 1110, 2, 1, '2026-01-13 23:59:07'),
(1439, 1110, 6, 2, '2026-01-13 23:59:07'),
(1440, 1110, 11, 3, '2026-01-13 23:59:07'),
(1441, 1110, 4, 4, '2026-01-13 23:59:07'),
(1442, 1111, 2, 1, '2026-01-13 23:59:07'),
(1443, 1111, 6, 2, '2026-01-13 23:59:07'),
(1444, 1111, 11, 3, '2026-01-13 23:59:07'),
(1445, 1111, 4, 4, '2026-01-13 23:59:07'),
(1446, 1112, 2, 1, '2026-01-13 23:59:08'),
(1447, 1112, 6, 2, '2026-01-13 23:59:08'),
(1448, 1112, 11, 3, '2026-01-13 23:59:08'),
(1449, 1112, 4, 4, '2026-01-13 23:59:08'),
(1450, 1113, 2, 1, '2026-01-13 23:59:08'),
(1451, 1113, 6, 2, '2026-01-13 23:59:08'),
(1452, 1113, 11, 3, '2026-01-13 23:59:08'),
(1453, 1113, 4, 4, '2026-01-13 23:59:08'),
(1454, 1114, 2, 1, '2026-01-13 23:59:08'),
(1455, 1114, 6, 2, '2026-01-13 23:59:08'),
(1456, 1114, 11, 3, '2026-01-13 23:59:08'),
(1457, 1114, 4, 4, '2026-01-13 23:59:08'),
(1458, 1115, 2, 1, '2026-01-13 23:59:09'),
(1459, 1115, 6, 2, '2026-01-13 23:59:09'),
(1460, 1115, 11, 3, '2026-01-13 23:59:09'),
(1461, 1115, 4, 4, '2026-01-13 23:59:09'),
(1462, 1116, 2, 1, '2026-01-13 23:59:09'),
(1463, 1116, 6, 2, '2026-01-13 23:59:09'),
(1464, 1116, 11, 3, '2026-01-13 23:59:09'),
(1465, 1116, 4, 4, '2026-01-13 23:59:09'),
(1466, 1117, 2, 1, '2026-01-13 23:59:09'),
(1467, 1117, 6, 2, '2026-01-13 23:59:09'),
(1468, 1117, 11, 3, '2026-01-13 23:59:09'),
(1469, 1117, 4, 4, '2026-01-13 23:59:09'),
(1470, 1118, 2, 1, '2026-01-13 23:59:10'),
(1471, 1118, 6, 2, '2026-01-13 23:59:10'),
(1472, 1118, 11, 3, '2026-01-13 23:59:10');
INSERT INTO `vote` (`id_vote`, `id_participant`, `id_candidat`, `id_poste`, `date_vote`) VALUES
(1473, 1118, 4, 4, '2026-01-13 23:59:10'),
(1474, 1119, 2, 1, '2026-01-13 23:59:10'),
(1475, 1119, 6, 2, '2026-01-13 23:59:10'),
(1476, 1119, 11, 3, '2026-01-13 23:59:10'),
(1477, 1119, 4, 4, '2026-01-13 23:59:10'),
(1478, 1120, 2, 1, '2026-01-13 23:59:11'),
(1479, 1120, 6, 2, '2026-01-13 23:59:11'),
(1480, 1120, 11, 3, '2026-01-13 23:59:11'),
(1481, 1120, 4, 4, '2026-01-13 23:59:11'),
(1482, 1121, 2, 1, '2026-01-13 23:59:11'),
(1483, 1121, 6, 2, '2026-01-13 23:59:11'),
(1484, 1121, 11, 3, '2026-01-13 23:59:11'),
(1485, 1121, 4, 4, '2026-01-13 23:59:11'),
(1486, 1122, 2, 1, '2026-01-13 23:59:11'),
(1487, 1122, 6, 2, '2026-01-13 23:59:11'),
(1488, 1122, 11, 3, '2026-01-13 23:59:11'),
(1489, 1122, 4, 4, '2026-01-13 23:59:11'),
(1490, 1123, 2, 1, '2026-01-13 23:59:12'),
(1491, 1123, 6, 2, '2026-01-13 23:59:12'),
(1492, 1123, 11, 3, '2026-01-13 23:59:12'),
(1493, 1123, 4, 4, '2026-01-13 23:59:12'),
(1494, 1124, 2, 1, '2026-01-13 23:59:12'),
(1495, 1124, 6, 2, '2026-01-13 23:59:12'),
(1496, 1124, 11, 3, '2026-01-13 23:59:12'),
(1497, 1124, 4, 4, '2026-01-13 23:59:12'),
(1498, 1125, 2, 1, '2026-01-13 23:59:12'),
(1499, 1125, 6, 2, '2026-01-13 23:59:12'),
(1500, 1125, 11, 3, '2026-01-13 23:59:12'),
(1501, 1125, 4, 4, '2026-01-13 23:59:12'),
(1502, 1126, 2, 1, '2026-01-13 23:59:13'),
(1503, 1126, 6, 2, '2026-01-13 23:59:13'),
(1504, 1126, 11, 3, '2026-01-13 23:59:13'),
(1505, 1126, 4, 4, '2026-01-13 23:59:13'),
(1506, 1127, 2, 1, '2026-01-13 23:59:13'),
(1507, 1127, 6, 2, '2026-01-13 23:59:13'),
(1508, 1127, 11, 3, '2026-01-13 23:59:13'),
(1509, 1127, 4, 4, '2026-01-13 23:59:13'),
(1510, 1128, 2, 1, '2026-01-13 23:59:13'),
(1511, 1128, 6, 2, '2026-01-13 23:59:13'),
(1512, 1128, 11, 3, '2026-01-13 23:59:13'),
(1513, 1128, 4, 4, '2026-01-13 23:59:13'),
(1514, 1129, 2, 1, '2026-01-13 23:59:14'),
(1515, 1129, 6, 2, '2026-01-13 23:59:14'),
(1516, 1129, 11, 3, '2026-01-13 23:59:14'),
(1517, 1129, 4, 4, '2026-01-13 23:59:14'),
(1518, 1130, 2, 1, '2026-01-13 23:59:14'),
(1519, 1130, 6, 2, '2026-01-13 23:59:14'),
(1520, 1130, 11, 3, '2026-01-13 23:59:14'),
(1521, 1130, 4, 4, '2026-01-13 23:59:14'),
(1522, 1131, 2, 1, '2026-01-13 23:59:15'),
(1523, 1131, 6, 2, '2026-01-13 23:59:15'),
(1524, 1131, 11, 3, '2026-01-13 23:59:15'),
(1525, 1131, 4, 4, '2026-01-13 23:59:15'),
(1526, 1132, 2, 1, '2026-01-13 23:59:15'),
(1527, 1132, 6, 2, '2026-01-13 23:59:15'),
(1528, 1132, 11, 3, '2026-01-13 23:59:15'),
(1529, 1132, 4, 4, '2026-01-13 23:59:15'),
(1530, 1133, 2, 1, '2026-01-13 23:59:15'),
(1531, 1133, 6, 2, '2026-01-13 23:59:15'),
(1532, 1133, 11, 3, '2026-01-13 23:59:15'),
(1533, 1133, 4, 4, '2026-01-13 23:59:15'),
(1534, 1134, 2, 1, '2026-01-13 23:59:16'),
(1535, 1134, 6, 2, '2026-01-13 23:59:16'),
(1536, 1134, 11, 3, '2026-01-13 23:59:16'),
(1537, 1134, 4, 4, '2026-01-13 23:59:16'),
(1538, 1135, 2, 1, '2026-01-13 23:59:16'),
(1539, 1135, 6, 2, '2026-01-13 23:59:16'),
(1540, 1135, 11, 3, '2026-01-13 23:59:16'),
(1541, 1135, 4, 4, '2026-01-13 23:59:16'),
(1542, 1136, 2, 1, '2026-01-13 23:59:17'),
(1543, 1136, 6, 2, '2026-01-13 23:59:17'),
(1544, 1136, 11, 3, '2026-01-13 23:59:17'),
(1545, 1136, 4, 4, '2026-01-13 23:59:17'),
(1546, 1137, 2, 1, '2026-01-13 23:59:17'),
(1547, 1137, 6, 2, '2026-01-13 23:59:17'),
(1548, 1137, 11, 3, '2026-01-13 23:59:17'),
(1549, 1137, 4, 4, '2026-01-13 23:59:17'),
(1550, 1138, 2, 1, '2026-01-13 23:59:17'),
(1551, 1138, 6, 2, '2026-01-13 23:59:17'),
(1552, 1138, 11, 3, '2026-01-13 23:59:17'),
(1553, 1138, 4, 4, '2026-01-13 23:59:17'),
(1554, 1139, 2, 1, '2026-01-13 23:59:18'),
(1555, 1139, 6, 2, '2026-01-13 23:59:18'),
(1556, 1139, 11, 3, '2026-01-13 23:59:18'),
(1557, 1139, 4, 4, '2026-01-13 23:59:18'),
(1558, 1140, 2, 1, '2026-01-13 23:59:18'),
(1559, 1140, 6, 2, '2026-01-13 23:59:18'),
(1560, 1140, 11, 3, '2026-01-13 23:59:18'),
(1561, 1140, 4, 4, '2026-01-13 23:59:18'),
(1562, 1141, 2, 1, '2026-01-13 23:59:18'),
(1563, 1141, 6, 2, '2026-01-13 23:59:18'),
(1564, 1141, 11, 3, '2026-01-13 23:59:18'),
(1565, 1141, 4, 4, '2026-01-13 23:59:18'),
(1566, 1142, 2, 1, '2026-01-13 23:59:19'),
(1567, 1142, 6, 2, '2026-01-13 23:59:19'),
(1568, 1142, 11, 3, '2026-01-13 23:59:19'),
(1569, 1142, 4, 4, '2026-01-13 23:59:19'),
(1570, 1143, 2, 1, '2026-01-13 23:59:19'),
(1571, 1143, 6, 2, '2026-01-13 23:59:19'),
(1572, 1143, 11, 3, '2026-01-13 23:59:19'),
(1573, 1143, 4, 4, '2026-01-13 23:59:19'),
(1574, 1144, 2, 1, '2026-01-13 23:59:19'),
(1575, 1144, 6, 2, '2026-01-13 23:59:19'),
(1576, 1144, 11, 3, '2026-01-13 23:59:19'),
(1577, 1144, 4, 4, '2026-01-13 23:59:19'),
(1578, 1145, 2, 1, '2026-01-13 23:59:20'),
(1579, 1145, 6, 2, '2026-01-13 23:59:20'),
(1580, 1145, 11, 3, '2026-01-13 23:59:20'),
(1581, 1145, 4, 4, '2026-01-13 23:59:20'),
(1582, 1146, 2, 1, '2026-01-13 23:59:20'),
(1583, 1146, 6, 2, '2026-01-13 23:59:20'),
(1584, 1146, 11, 3, '2026-01-13 23:59:20'),
(1585, 1146, 4, 4, '2026-01-13 23:59:20'),
(1586, 1147, 2, 1, '2026-01-13 23:59:21'),
(1587, 1147, 6, 2, '2026-01-13 23:59:21'),
(1588, 1147, 11, 3, '2026-01-13 23:59:21'),
(1589, 1147, 4, 4, '2026-01-13 23:59:21'),
(1590, 1148, 2, 1, '2026-01-13 23:59:21'),
(1591, 1148, 6, 2, '2026-01-13 23:59:21'),
(1592, 1148, 11, 3, '2026-01-13 23:59:21'),
(1593, 1148, 4, 4, '2026-01-13 23:59:21'),
(1594, 1149, 2, 1, '2026-01-13 23:59:21'),
(1595, 1149, 6, 2, '2026-01-13 23:59:21'),
(1596, 1149, 11, 3, '2026-01-13 23:59:21'),
(1597, 1149, 4, 4, '2026-01-13 23:59:21'),
(1598, 1150, 2, 1, '2026-01-13 23:59:22'),
(1599, 1150, 6, 2, '2026-01-13 23:59:22'),
(1600, 1150, 11, 3, '2026-01-13 23:59:22'),
(1601, 1150, 4, 4, '2026-01-13 23:59:22'),
(1602, 1151, 2, 1, '2026-01-13 23:59:22'),
(1603, 1151, 6, 2, '2026-01-13 23:59:22'),
(1604, 1151, 11, 3, '2026-01-13 23:59:22'),
(1605, 1151, 4, 4, '2026-01-13 23:59:22'),
(1606, 1152, 2, 1, '2026-01-13 23:59:22'),
(1607, 1152, 6, 2, '2026-01-13 23:59:22'),
(1608, 1152, 11, 3, '2026-01-13 23:59:22'),
(1609, 1152, 4, 4, '2026-01-13 23:59:22'),
(1610, 1153, 2, 1, '2026-01-13 23:59:23'),
(1611, 1153, 6, 2, '2026-01-13 23:59:23'),
(1612, 1153, 11, 3, '2026-01-13 23:59:23'),
(1613, 1153, 4, 4, '2026-01-13 23:59:23'),
(1614, 1154, 2, 1, '2026-01-13 23:59:23'),
(1615, 1154, 6, 2, '2026-01-13 23:59:23'),
(1616, 1154, 11, 3, '2026-01-13 23:59:23'),
(1617, 1154, 4, 4, '2026-01-13 23:59:23'),
(1618, 1155, 2, 1, '2026-01-13 23:59:24'),
(1619, 1155, 6, 2, '2026-01-13 23:59:24'),
(1620, 1155, 11, 3, '2026-01-13 23:59:24'),
(1621, 1155, 4, 4, '2026-01-13 23:59:24'),
(1622, 1156, 2, 1, '2026-01-13 23:59:24'),
(1623, 1156, 6, 2, '2026-01-13 23:59:24'),
(1624, 1156, 11, 3, '2026-01-13 23:59:24'),
(1625, 1156, 4, 4, '2026-01-13 23:59:24'),
(1626, 1157, 2, 1, '2026-01-13 23:59:24'),
(1627, 1157, 6, 2, '2026-01-13 23:59:24'),
(1628, 1157, 11, 3, '2026-01-13 23:59:24'),
(1629, 1157, 4, 4, '2026-01-13 23:59:24'),
(1630, 1158, 2, 1, '2026-01-13 23:59:25'),
(1631, 1158, 6, 2, '2026-01-13 23:59:25'),
(1632, 1158, 11, 3, '2026-01-13 23:59:25'),
(1633, 1158, 4, 4, '2026-01-13 23:59:25'),
(1634, 1159, 2, 1, '2026-01-13 23:59:25'),
(1635, 1159, 6, 2, '2026-01-13 23:59:25'),
(1636, 1159, 11, 3, '2026-01-13 23:59:25'),
(1637, 1159, 4, 4, '2026-01-13 23:59:25'),
(1638, 1160, 2, 1, '2026-01-13 23:59:25'),
(1639, 1160, 6, 2, '2026-01-13 23:59:25'),
(1640, 1160, 11, 3, '2026-01-13 23:59:25'),
(1641, 1160, 4, 4, '2026-01-13 23:59:25'),
(1642, 1161, 2, 1, '2026-01-13 23:59:26'),
(1643, 1161, 6, 2, '2026-01-13 23:59:26'),
(1644, 1161, 11, 3, '2026-01-13 23:59:26'),
(1645, 1161, 4, 4, '2026-01-13 23:59:26'),
(1646, 1162, 2, 1, '2026-01-13 23:59:26'),
(1647, 1162, 6, 2, '2026-01-13 23:59:26'),
(1648, 1162, 11, 3, '2026-01-13 23:59:26'),
(1649, 1162, 4, 4, '2026-01-13 23:59:26'),
(1650, 1163, 2, 1, '2026-01-13 23:59:27'),
(1651, 1163, 6, 2, '2026-01-13 23:59:27'),
(1652, 1163, 11, 3, '2026-01-13 23:59:27'),
(1653, 1163, 4, 4, '2026-01-13 23:59:27'),
(1654, 1164, 2, 1, '2026-01-13 23:59:27'),
(1655, 1164, 6, 2, '2026-01-13 23:59:27'),
(1656, 1164, 11, 3, '2026-01-13 23:59:27'),
(1657, 1164, 4, 4, '2026-01-13 23:59:27'),
(1658, 1165, 2, 1, '2026-01-13 23:59:27'),
(1659, 1165, 6, 2, '2026-01-13 23:59:27'),
(1660, 1165, 11, 3, '2026-01-13 23:59:27'),
(1661, 1165, 4, 4, '2026-01-13 23:59:27'),
(1662, 1166, 2, 1, '2026-01-13 23:59:28'),
(1663, 1166, 6, 2, '2026-01-13 23:59:28'),
(1664, 1166, 11, 3, '2026-01-13 23:59:28'),
(1665, 1166, 4, 4, '2026-01-13 23:59:28'),
(1666, 1167, 2, 1, '2026-01-13 23:59:28'),
(1667, 1167, 6, 2, '2026-01-13 23:59:28'),
(1668, 1167, 11, 3, '2026-01-13 23:59:28'),
(1669, 1167, 4, 4, '2026-01-13 23:59:28'),
(1670, 1168, 2, 1, '2026-01-13 23:59:29'),
(1671, 1168, 6, 2, '2026-01-13 23:59:29'),
(1672, 1168, 11, 3, '2026-01-13 23:59:29'),
(1673, 1168, 4, 4, '2026-01-13 23:59:29'),
(1674, 1169, 2, 1, '2026-01-13 23:59:29'),
(1675, 1169, 6, 2, '2026-01-13 23:59:29'),
(1676, 1169, 11, 3, '2026-01-13 23:59:29'),
(1677, 1169, 4, 4, '2026-01-13 23:59:29'),
(1678, 1170, 2, 1, '2026-01-13 23:59:29'),
(1679, 1170, 6, 2, '2026-01-13 23:59:29'),
(1680, 1170, 11, 3, '2026-01-13 23:59:29'),
(1681, 1170, 4, 4, '2026-01-13 23:59:29'),
(1682, 1171, 2, 1, '2026-01-13 23:59:30'),
(1683, 1171, 6, 2, '2026-01-13 23:59:30'),
(1684, 1171, 11, 3, '2026-01-13 23:59:30'),
(1685, 1171, 4, 4, '2026-01-13 23:59:30'),
(1686, 1172, 2, 1, '2026-01-13 23:59:30'),
(1687, 1172, 6, 2, '2026-01-13 23:59:30'),
(1688, 1172, 11, 3, '2026-01-13 23:59:30'),
(1689, 1172, 4, 4, '2026-01-13 23:59:30'),
(1690, 1173, 2, 1, '2026-01-13 23:59:30'),
(1691, 1173, 6, 2, '2026-01-13 23:59:30'),
(1692, 1173, 11, 3, '2026-01-13 23:59:30'),
(1693, 1173, 4, 4, '2026-01-13 23:59:30'),
(1694, 1174, 2, 1, '2026-01-13 23:59:31'),
(1695, 1174, 6, 2, '2026-01-13 23:59:31'),
(1696, 1174, 11, 3, '2026-01-13 23:59:31'),
(1697, 1174, 4, 4, '2026-01-13 23:59:31'),
(1698, 1175, 2, 1, '2026-01-13 23:59:31'),
(1699, 1175, 6, 2, '2026-01-13 23:59:31'),
(1700, 1175, 11, 3, '2026-01-13 23:59:31'),
(1701, 1175, 4, 4, '2026-01-13 23:59:31'),
(1702, 1176, 2, 1, '2026-01-13 23:59:32'),
(1703, 1176, 6, 2, '2026-01-13 23:59:32'),
(1704, 1176, 11, 3, '2026-01-13 23:59:32'),
(1705, 1176, 4, 4, '2026-01-13 23:59:32'),
(1706, 1177, 2, 1, '2026-01-13 23:59:32'),
(1707, 1177, 6, 2, '2026-01-13 23:59:32'),
(1708, 1177, 11, 3, '2026-01-13 23:59:32'),
(1709, 1177, 4, 4, '2026-01-13 23:59:32'),
(1710, 1178, 2, 1, '2026-01-13 23:59:32'),
(1711, 1178, 6, 2, '2026-01-13 23:59:32'),
(1712, 1178, 11, 3, '2026-01-13 23:59:32'),
(1713, 1178, 4, 4, '2026-01-13 23:59:32'),
(1714, 1179, 2, 1, '2026-01-13 23:59:33'),
(1715, 1179, 6, 2, '2026-01-13 23:59:33'),
(1716, 1179, 11, 3, '2026-01-13 23:59:33'),
(1717, 1179, 4, 4, '2026-01-13 23:59:33'),
(1718, 1180, 2, 1, '2026-01-13 23:59:33'),
(1719, 1180, 6, 2, '2026-01-13 23:59:33'),
(1720, 1180, 11, 3, '2026-01-13 23:59:33'),
(1721, 1180, 4, 4, '2026-01-13 23:59:33'),
(1722, 1181, 2, 1, '2026-01-13 23:59:33'),
(1723, 1181, 6, 2, '2026-01-13 23:59:33'),
(1724, 1181, 11, 3, '2026-01-13 23:59:33'),
(1725, 1181, 4, 4, '2026-01-13 23:59:33'),
(1726, 1182, 2, 1, '2026-01-13 23:59:34'),
(1727, 1182, 6, 2, '2026-01-13 23:59:34'),
(1728, 1182, 11, 3, '2026-01-13 23:59:34'),
(1729, 1182, 4, 4, '2026-01-13 23:59:34'),
(1730, 1183, 2, 1, '2026-01-13 23:59:34'),
(1731, 1183, 6, 2, '2026-01-13 23:59:34'),
(1732, 1183, 11, 3, '2026-01-13 23:59:34'),
(1733, 1183, 4, 4, '2026-01-13 23:59:34'),
(1734, 1184, 2, 1, '2026-01-13 23:59:35'),
(1735, 1184, 6, 2, '2026-01-13 23:59:35'),
(1736, 1184, 11, 3, '2026-01-13 23:59:35'),
(1737, 1184, 4, 4, '2026-01-13 23:59:35'),
(1738, 1185, 2, 1, '2026-01-13 23:59:35'),
(1739, 1185, 6, 2, '2026-01-13 23:59:35'),
(1740, 1185, 11, 3, '2026-01-13 23:59:35'),
(1741, 1185, 4, 4, '2026-01-13 23:59:35'),
(1742, 1186, 2, 1, '2026-01-13 23:59:35'),
(1743, 1186, 6, 2, '2026-01-13 23:59:35'),
(1744, 1186, 11, 3, '2026-01-13 23:59:35'),
(1745, 1186, 4, 4, '2026-01-13 23:59:35'),
(1746, 1187, 2, 1, '2026-01-13 23:59:36'),
(1747, 1187, 6, 2, '2026-01-13 23:59:36'),
(1748, 1187, 11, 3, '2026-01-13 23:59:36'),
(1749, 1187, 4, 4, '2026-01-13 23:59:36'),
(1750, 1188, 2, 1, '2026-01-13 23:59:36'),
(1751, 1188, 6, 2, '2026-01-13 23:59:36'),
(1752, 1188, 11, 3, '2026-01-13 23:59:36'),
(1753, 1188, 4, 4, '2026-01-13 23:59:36'),
(1754, 1189, 2, 1, '2026-01-13 23:59:36'),
(1755, 1189, 6, 2, '2026-01-13 23:59:36'),
(1756, 1189, 11, 3, '2026-01-13 23:59:36'),
(1757, 1189, 4, 4, '2026-01-13 23:59:36'),
(1758, 1190, 2, 1, '2026-01-13 23:59:37'),
(1759, 1190, 6, 2, '2026-01-13 23:59:37'),
(1760, 1190, 11, 3, '2026-01-13 23:59:37'),
(1761, 1190, 4, 4, '2026-01-13 23:59:37'),
(1762, 1191, 2, 1, '2026-01-13 23:59:37'),
(1763, 1191, 6, 2, '2026-01-13 23:59:37'),
(1764, 1191, 11, 3, '2026-01-13 23:59:37'),
(1765, 1191, 4, 4, '2026-01-13 23:59:37'),
(1766, 1192, 2, 1, '2026-01-13 23:59:37'),
(1767, 1192, 6, 2, '2026-01-13 23:59:37'),
(1768, 1192, 11, 3, '2026-01-13 23:59:37'),
(1769, 1192, 4, 4, '2026-01-13 23:59:37'),
(1770, 1193, 2, 1, '2026-01-13 23:59:38'),
(1771, 1193, 6, 2, '2026-01-13 23:59:38'),
(1772, 1193, 11, 3, '2026-01-13 23:59:38'),
(1773, 1193, 4, 4, '2026-01-13 23:59:38'),
(1774, 1194, 2, 1, '2026-01-13 23:59:38'),
(1775, 1194, 6, 2, '2026-01-13 23:59:38'),
(1776, 1194, 11, 3, '2026-01-13 23:59:38'),
(1777, 1194, 4, 4, '2026-01-13 23:59:38'),
(1778, 1195, 2, 1, '2026-01-13 23:59:39'),
(1779, 1195, 6, 2, '2026-01-13 23:59:39'),
(1780, 1195, 11, 3, '2026-01-13 23:59:39'),
(1781, 1195, 4, 4, '2026-01-13 23:59:39'),
(1782, 1196, 2, 1, '2026-01-13 23:59:39'),
(1783, 1196, 6, 2, '2026-01-13 23:59:39'),
(1784, 1196, 11, 3, '2026-01-13 23:59:39'),
(1785, 1196, 4, 4, '2026-01-13 23:59:39'),
(1786, 1197, 2, 1, '2026-01-13 23:59:39'),
(1787, 1197, 6, 2, '2026-01-13 23:59:39'),
(1788, 1197, 11, 3, '2026-01-13 23:59:39'),
(1789, 1197, 4, 4, '2026-01-13 23:59:39'),
(1790, 1198, 2, 1, '2026-01-13 23:59:40'),
(1791, 1198, 6, 2, '2026-01-13 23:59:40'),
(1792, 1198, 11, 3, '2026-01-13 23:59:40'),
(1793, 1198, 4, 4, '2026-01-13 23:59:40'),
(1794, 1199, 2, 1, '2026-01-13 23:59:40'),
(1795, 1199, 6, 2, '2026-01-13 23:59:40'),
(1796, 1199, 11, 3, '2026-01-13 23:59:40'),
(1797, 1199, 4, 4, '2026-01-13 23:59:40'),
(1798, 1200, 2, 1, '2026-01-13 23:59:40'),
(1799, 1200, 6, 2, '2026-01-13 23:59:41'),
(1800, 1200, 11, 3, '2026-01-13 23:59:41'),
(1801, 1200, 4, 4, '2026-01-13 23:59:41'),
(1802, 1201, 2, 1, '2026-01-13 23:59:41'),
(1803, 1201, 6, 2, '2026-01-13 23:59:41'),
(1804, 1201, 11, 3, '2026-01-13 23:59:41'),
(1805, 1201, 4, 4, '2026-01-13 23:59:41'),
(1806, 1202, 2, 1, '2026-01-13 23:59:41'),
(1807, 1202, 6, 2, '2026-01-13 23:59:41'),
(1808, 1202, 11, 3, '2026-01-13 23:59:41'),
(1809, 1202, 4, 4, '2026-01-13 23:59:41'),
(1810, 1203, 2, 1, '2026-01-13 23:59:42'),
(1811, 1203, 6, 2, '2026-01-13 23:59:42'),
(1812, 1203, 11, 3, '2026-01-13 23:59:42'),
(1813, 1203, 4, 4, '2026-01-13 23:59:42'),
(1814, 1204, 2, 1, '2026-01-13 23:59:42'),
(1815, 1204, 6, 2, '2026-01-13 23:59:42'),
(1816, 1204, 11, 3, '2026-01-13 23:59:42'),
(1817, 1204, 4, 4, '2026-01-13 23:59:42'),
(1818, 1205, 2, 1, '2026-01-13 23:59:42'),
(1819, 1205, 6, 2, '2026-01-13 23:59:42'),
(1820, 1205, 11, 3, '2026-01-13 23:59:42'),
(1821, 1205, 4, 4, '2026-01-13 23:59:42'),
(1822, 1206, 2, 1, '2026-01-13 23:59:43'),
(1823, 1206, 6, 2, '2026-01-13 23:59:43'),
(1824, 1206, 11, 3, '2026-01-13 23:59:43'),
(1825, 1206, 4, 4, '2026-01-13 23:59:43');

-- --------------------------------------------------------

--
-- Structure de la vue `resultats_en_direct`
--
DROP TABLE IF EXISTS `resultats_en_direct`;

CREATE ALGORITHM=UNDEFINED DEFINER=`root`@`localhost` SQL SECURITY DEFINER VIEW `resultats_en_direct`  AS SELECT `p`.`id_poste` AS `id_poste`, `p`.`intitule` AS `poste`, `c`.`id_candidat` AS `id_candidat`, concat(`c`.`nom`,' ',`c`.`prenom`) AS `candidat`, `e`.`nom_equipe` AS `equipe`, count(`v`.`id_vote`) AS `total_votes` FROM (((`vote` `v` join `candidat` `c` on(`v`.`id_candidat` = `c`.`id_candidat`)) join `poste` `p` on(`v`.`id_poste` = `p`.`id_poste`)) join `equipe` `e` on(`c`.`id_equipe` = `e`.`id_equipe`)) GROUP BY `p`.`id_poste`, `p`.`intitule`, `c`.`id_candidat`, `c`.`nom`, `c`.`prenom`, `e`.`nom_equipe` ORDER BY `p`.`id_poste` ASC, count(`v`.`id_vote`) DESC ;

-- --------------------------------------------------------

--
-- Structure de la vue `resultats_en_direct_pourcentage`
--
DROP TABLE IF EXISTS `resultats_en_direct_pourcentage`;

CREATE ALGORITHM=UNDEFINED DEFINER=`root`@`localhost` SQL SECURITY DEFINER VIEW `resultats_en_direct_pourcentage`  AS SELECT `p`.`id_poste` AS `id_poste`, `p`.`intitule` AS `poste`, `c`.`id_candidat` AS `id_candidat`, concat(`c`.`nom`,' ',`c`.`prenom`) AS `candidat`, `e`.`nom_equipe` AS `equipe`, count(`v`.`id_vote`) AS `total_votes`, round(count(`v`.`id_vote`) * 100.0 / (select count(0) from `vote` `v2` where `v2`.`id_poste` = `p`.`id_poste`),2) AS `pourcentage_votes` FROM (((`vote` `v` join `candidat` `c` on(`v`.`id_candidat` = `c`.`id_candidat`)) join `poste` `p` on(`v`.`id_poste` = `p`.`id_poste`)) join `equipe` `e` on(`c`.`id_equipe` = `e`.`id_equipe`)) GROUP BY `p`.`id_poste`, `p`.`intitule`, `c`.`id_candidat`, `c`.`nom`, `c`.`prenom`, `e`.`nom_equipe` ORDER BY `p`.`id_poste` ASC, count(`v`.`id_vote`) DESC ;

-- --------------------------------------------------------

--
-- Structure de la vue `statistiques_globales`
--
DROP TABLE IF EXISTS `statistiques_globales`;

CREATE ALGORITHM=UNDEFINED DEFINER=`root`@`localhost` SQL SECURITY DEFINER VIEW `statistiques_globales`  AS SELECT 'nombre_votes' AS `table_name`, count(0) AS `total` FROM `vote`union all select 'nombre_candidats' AS `nombre_candidats`,count(0) AS `total` from `candidat` union all select 'nombre_participants' AS `nombre_participants`,count(0) AS `total` from `participant`  ;

--
-- Index pour les tables déchargées
--

--
-- Index pour la table `admin`
--
ALTER TABLE `admin`
  ADD PRIMARY KEY (`id_admin`),
  ADD UNIQUE KEY `email` (`email`);

--
-- Index pour la table `candidat`
--
ALTER TABLE `candidat`
  ADD PRIMARY KEY (`id_candidat`),
  ADD UNIQUE KEY `email` (`email`),
  ADD KEY `id_equipe` (`id_equipe`),
  ADD KEY `id_poste` (`id_poste`);

--
-- Index pour la table `equipe`
--
ALTER TABLE `equipe`
  ADD PRIMARY KEY (`id_equipe`),
  ADD UNIQUE KEY `nom_equipe` (`nom_equipe`);

--
-- Index pour la table `experiences_candidat`
--
ALTER TABLE `experiences_candidat`
  ADD PRIMARY KEY (`id`),
  ADD KEY `fk_experiences_candidat` (`id_candidat`);

--
-- Index pour la table `logs`
--
ALTER TABLE `logs`
  ADD PRIMARY KEY (`id_log`),
  ADD KEY `id_admin` (`id_admin`);

--
-- Index pour la table `participant`
--
ALTER TABLE `participant`
  ADD PRIMARY KEY (`id_participant`),
  ADD UNIQUE KEY `email` (`email`),
  ADD UNIQUE KEY `code_qr` (`code_qr`);

--
-- Index pour la table `poste`
--
ALTER TABLE `poste`
  ADD PRIMARY KEY (`id_poste`),
  ADD UNIQUE KEY `intitule` (`intitule`);

--
-- Index pour la table `priorites_candidat`
--
ALTER TABLE `priorites_candidat`
  ADD PRIMARY KEY (`id`),
  ADD KEY `fk_priorite_candidat` (`id_candidat`);

--
-- Index pour la table `vote`
--
ALTER TABLE `vote`
  ADD PRIMARY KEY (`id_vote`),
  ADD UNIQUE KEY `id_participant` (`id_participant`,`id_candidat`,`id_poste`),
  ADD KEY `id_candidat` (`id_candidat`),
  ADD KEY `idx_vote_participant` (`id_participant`),
  ADD KEY `idx_vote_poste` (`id_poste`);

--
-- AUTO_INCREMENT pour les tables déchargées
--

--
-- AUTO_INCREMENT pour la table `admin`
--
ALTER TABLE `admin`
  MODIFY `id_admin` int(11) NOT NULL AUTO_INCREMENT, AUTO_INCREMENT=3;

--
-- AUTO_INCREMENT pour la table `candidat`
--
ALTER TABLE `candidat`
  MODIFY `id_candidat` int(11) NOT NULL AUTO_INCREMENT, AUTO_INCREMENT=13;

--
-- AUTO_INCREMENT pour la table `equipe`
--
ALTER TABLE `equipe`
  MODIFY `id_equipe` int(11) NOT NULL AUTO_INCREMENT, AUTO_INCREMENT=4;

--
-- AUTO_INCREMENT pour la table `experiences_candidat`
--
ALTER TABLE `experiences_candidat`
  MODIFY `id` int(11) NOT NULL AUTO_INCREMENT, AUTO_INCREMENT=13;

--
-- AUTO_INCREMENT pour la table `logs`
--
ALTER TABLE `logs`
  MODIFY `id_log` int(11) NOT NULL AUTO_INCREMENT;

--
-- AUTO_INCREMENT pour la table `participant`
--
ALTER TABLE `participant`
  MODIFY `id_participant` int(11) NOT NULL AUTO_INCREMENT, AUTO_INCREMENT=1207;

--
-- AUTO_INCREMENT pour la table `poste`
--
ALTER TABLE `poste`
  MODIFY `id_poste` int(11) NOT NULL AUTO_INCREMENT, AUTO_INCREMENT=5;

--
-- AUTO_INCREMENT pour la table `priorites_candidat`
--
ALTER TABLE `priorites_candidat`
  MODIFY `id` int(11) NOT NULL AUTO_INCREMENT, AUTO_INCREMENT=13;

--
-- AUTO_INCREMENT pour la table `vote`
--
ALTER TABLE `vote`
  MODIFY `id_vote` int(11) NOT NULL AUTO_INCREMENT, AUTO_INCREMENT=1826;

--
-- Contraintes pour les tables déchargées
--

--
-- Contraintes pour la table `candidat`
--
ALTER TABLE `candidat`
  ADD CONSTRAINT `candidat_ibfk_1` FOREIGN KEY (`id_equipe`) REFERENCES `equipe` (`id_equipe`) ON DELETE CASCADE,
  ADD CONSTRAINT `candidat_ibfk_2` FOREIGN KEY (`id_poste`) REFERENCES `poste` (`id_poste`) ON DELETE CASCADE;

--
-- Contraintes pour la table `experiences_candidat`
--
ALTER TABLE `experiences_candidat`
  ADD CONSTRAINT `fk_experiences_candidat` FOREIGN KEY (`id_candidat`) REFERENCES `candidat` (`id_candidat`);

--
-- Contraintes pour la table `logs`
--
ALTER TABLE `logs`
  ADD CONSTRAINT `logs_ibfk_1` FOREIGN KEY (`id_admin`) REFERENCES `admin` (`id_admin`) ON DELETE CASCADE;

--
-- Contraintes pour la table `priorites_candidat`
--
ALTER TABLE `priorites_candidat`
  ADD CONSTRAINT `fk_priorite_candidat` FOREIGN KEY (`id_candidat`) REFERENCES `candidat` (`id_candidat`);

--
-- Contraintes pour la table `vote`
--
ALTER TABLE `vote`
  ADD CONSTRAINT `vote_ibfk_1` FOREIGN KEY (`id_poste`) REFERENCES `poste` (`id_poste`) ON DELETE CASCADE,
  ADD CONSTRAINT `vote_ibfk_2` FOREIGN KEY (`id_participant`) REFERENCES `participant` (`id_participant`) ON DELETE CASCADE,
  ADD CONSTRAINT `vote_ibfk_3` FOREIGN KEY (`id_candidat`) REFERENCES `candidat` (`id_candidat`) ON DELETE CASCADE;
COMMIT;

/*!40101 SET CHARACTER_SET_CLIENT=@OLD_CHARACTER_SET_CLIENT */;
/*!40101 SET CHARACTER_SET_RESULTS=@OLD_CHARACTER_SET_RESULTS */;
/*!40101 SET COLLATION_CONNECTION=@OLD_COLLATION_CONNECTION */;
